ZONA,PARTIDO,ORDEN N°,PLAZO,EXPEDIENTE,EMPRESA,CAUCE,SITIO A INTERVENIR,COORDENADA DE INICIO,COORDENADAS DE FINALIZACIÓN,COORDENADAS POLARES INICIO,COORDENADAS POLARES FINAL,METROS,TIPO DE CAUCE,MAPS,IFRAME,FICHA,F. INICIO,F. FINAL,ESTADO,RETROEXCAVADORA CON BRAZO LARGO,RETROEXCAVADORA CON BRAZO CORTO,RETROEXCAVADORA CON TRITURADORA FLORESTAL,PALA CARGADORA FRONTAL,RETROPALA,EXCAVADORA TIPO ARAÑA EXTENSIBLE,RETROEXCAVADORA ANFIBIA,TOPADORA,MOTONIVELADORA,CAMIÓN TATU,TOTAL HORAS,VALOR LAR,VALOR COR,VALOR FOR,VALOR CAR,VALOR RET,VALOR ARA,VALOR ANF,VALOR TOP,VALOR MOT,VALOR CAM,INVERSIÓN PROGRAMADA
Zona 1,San Andrés de Giles,1,25,EX-2025-23516309- -GDEBA-DPTLMIYSPGP,Olivo Zamboano S.A.,Afluente del Arroyo de Giles,Desde su desembocadura en el Arroyo de Giles hasta la Av. Scully,"-34.406667, -59.426389","-34.444542, -59.435011","34°24'24.0""S 59°25'35.0""W","34°26'40.4""S 59°26'06.0""W",5300,Canal sin revestir,https://www.google.com/maps/d/edit?mid=1cRPJg8zI3qPRXNMPS4q77zwPJsOmGRI&usp=sharing,https://www.google.com/maps/d/embed?mid=1cRPJg8zI3qPRXNMPS4q77zwPJsOmGRI&ehbc=2E312F&noprof=1,https://drive.google.com/file/d/1VGaUx7AsSiVJ0Xs-ZEwb3V15a7plgEym/view?usp=drive_link,31/7/2025,25/8/2025,Finalizado,27,106,,,,,,,,20,153,"$4.467.245,58","$17.119.100,70",,,"$0,00",,,"$0,00","$0,00","$2.390.107,60","$23.976.453,88"
Zona 1,San Andrés de Giles,1,25,EX-2025-23516309- -GDEBA-DPTLMIYSPGP,Olivo Zamboano S.A.,Canal Scully,Paralelo a Av. Lucas Scully desde C. 41 hasta rotonda de acceso a Colectora de Ruta Nacional N° 7,"-34.447017, -59.432207","-34.459000, -59.416694","34°26'49.3""S 59°25'56.0""W","34°27'32.4""S 59°25'00.1""W",1950,Zanja / Zanjón,https://www.google.com/maps/d/edit?mid=1I6kF4SpgbdJNVBj0FxGkLKcKxD9EqFY&usp=sharing,https://www.google.com/maps/d/embed?mid=1I6kF4SpgbdJNVBj0FxGkLKcKxD9EqFY&ehbc=2E312F&noprof=1,https://drive.google.com/file/d/1gftAe4QTAyhkovpgHlNfn3ZCQ4a6D-kW/view?usp=drive_link,31/7/2025,25/8/2025,Finalizado,,53,,,,,,,,20,73,"$0,00","$8.559.550,35",,,"$0,00",,,"$0,00","$0,00","$2.390.107,60","$10.949.657,95"
Zona 1,San Andrés de Giles,1,25,EX-2025-23516309- -GDEBA-DPTLMIYSPGP,Olivo Zamboano S.A.,Arroyo de Giles,Desde Puente en zona urbana hasta su confluencia con su afluente,"-34.373333, -59.398333","-34.436111, -59.448889","34°22'24.0""S 59°23'54.0""W","34°26'10.0""S 59°26'56.0""W",4000,Arroyo,https://www.google.com/maps/d/edit?mid=1oE_Af0UqzbYaT-_2lXG4PLDCq3xyFoA&usp=sharing,https://www.google.com/maps/d/embed?mid=1oE_Af0UqzbYaT-_2lXG4PLDCq3xyFoA&ehbc=2E312F&noprof=1,https://drive.google.com/file/d/1Z1ZMdpd9izXDZjJR2UoZEMOruVAApixf/view?usp=drive_link,31/7/2025,25/8/2025,Finalizado,107,,,,,,,,,13,120,"$17.703.528,78","$0,00",,,"$0,00",,,"$0,00","$0,00","$1.553.569,94","$19.257.098,72"
Zona 1,Exaltación de la Cruz,1,25,EX-2025-23516309- -GDEBA-DPTLMIYSPGP,Olivo Zamboano S.A.,Zanjón paraleo a Av. Robles,Desde la Colectora Sur de la Ruta Nacional N° 8 hasta la calle Jardín,"-34.376667, -59.116111","-34.388728, -59.102908","34°22'36.0""S 59°06'58.0""W","34°23'19.4""S 59°06'10.5""W",1870,Zanja / Zanjón,https://www.google.com/maps/d/edit?mid=12AJLZBtJOVbfD8Q1syPmvp2awWb5nXA&usp=sharing,https://www.google.com/maps/d/embed?mid=12AJLZBtJOVbfD8Q1syPmvp2awWb5nXA&ehbc=2E312F&noprof=1,https://drive.google.com/file/d/1I_q4ut_NSonM43X2MEQJDyHuGTz7hnR8/view?usp=drive_link,31/7/2025,25/8/2025,Finalizado,,,,,80,,,,,60,140,"$0,00","$0,00",,,"$8.580.548,80",,,"$0,00","$0,00","$7.170.322,80","$15.750.871,60"
Zona 1,Salto,2,25,EX-2025-27314103- -GDEBA-DPTLMIYSPGP,Olivo Zamboano S.A.,Arroyo del Burro,Desde los límites hacia el sur del Frigorífico de aves Soychú hasta el predio anterior a la Ruta Provincial N° 31,"-34.295872, -60.221550","-34.335278, -60.215278","34°17'45.1""S 60°13'17.6""W","34°20'07.0""S 60°12'55.0""W",3050,Arroyo,https://www.google.com/maps/d/edit?mid=1YLwg8ZNoLgrOg-padYr2W-rO3FrmwhY&usp=sharing,https://www.google.com/maps/d/embed?mid=1YLwg8ZNoLgrOg-padYr2W-rO3FrmwhY&ehbc=2E312F&noprof=1,https://drive.google.com/file/d/1fwH7BXbVxTon30YRq2fIGBwZJkJXdzsu/view?usp=drive_link,13/9/2025,7/10/2025,Finalizado,80,240,,,125,,,50,,,495,"$13.236.283,20","$38.760.228,00",,,"$13.407.107,50",,,"$8.023.093,50","$0,00","$0,00","$73.426.712,20"
Zona 1,San Antonio de Areco,3,35,EX-2025-33760818- -GDEBA-DPTLMIYSPGP,Olivo Zamboano S.A.,Canal de desagüe de la cuenca urbana,Desde su desembocadura en el Río Areco hasta Posta de Morales y Ernesto Ftte,"-34.249917, -59.447581","-34.251715, -59.455621","34°14'59.7""S 59°26'51.3""W","34°15'06.2""S 59°27'20.2""W",820,Canal sin revestir,https://www.google.com/maps/d/edit?mid=19TJHZisbevniuUtqb1c5-1vv3w_rJ9g&usp=sharing,https://www.google.com/maps/d/embed?mid=19TJHZisbevniuUtqb1c5-1vv3w_rJ9g&ehbc=2E312F&noprof=1,https://drive.google.com/file/d/1ngvXxMeVXOnjaYkAkI2_D0M7Z9VMGfcY/view?usp=drive_link,24/10/2025,28/11/2025,En ejecución,,20,,,,,,,,,20,"$0,00","$3.230.019,00",,,"$0,00",,,"$0,00","$0,00","$0,00","$3.230.019,00"
Zona 1,Rojas,3,35,EX-2025-33760818- -GDEBA-DPTLMIYSPGP,Olivo Zamboano S.A.,Canal Rural La Brava y afluentes,Desde su desembocadura en la laguna La Brava en el partido de Junín hasta los límites de las parcelas con denominación catastral XI 1063B y 1063C,"-34.467251, -60.752799","-34.394122, -60.752574","34°28'02.1""S 60°45'10.1""W","34°23'38.8""S 60°45'09.3""W",11200,Canal sin revestir,https://www.google.com/maps/d/edit?mid=1Ut5ZEtuketblIV8-VGckHr4ANSSRkbc&usp=sharing,https://www.google.com/maps/d/embed?mid=1Ut5ZEtuketblIV8-VGckHr4ANSSRkbc&ehbc=2E312F&noprof=1,https://drive.google.com/file/d/1CTIhS_THNwzmgKPxi6Wb_y2Y_CCI-L4F/view?usp=drive_link,24/10/2025,28/11/2025,En ejecución,100,320,,,,,,50,80,80,630,"$16.545.354,00","$51.680.304,00",,,"$0,00",,,"$8.023.093,50","$10.569.276,00","$9.560.430,40","$96.378.457,90"
Zona 1,Pergamino,3,35,EX-2025-33760818- -GDEBA-DPTLMIYSPGP,Olivo Zamboano S.A.,Canal Rural afluente del Arroyo Pergamino,Desde su desembocadura en el Arroyo Pergamino hasta el final de la parcela con denominación catastral XII 1609 T,"-33.885806, -60.702142","-33.805737, -60.731376","33°53'08.9""S 60°42'07.7""W","33°48'20.7""S 60°43'53.0""W",12000,Canal sin revestir,https://www.google.com/maps/d/edit?mid=1AdksPGQJ88C1-Al-jZB6ftzvfLiIxXk&usp=sharing,https://www.google.com/maps/d/embed?mid=1AdksPGQJ88C1-Al-jZB6ftzvfLiIxXk&ehbc=2E312F&noprof=1,https://drive.google.com/file/d/1N89SynTlc7RIdWL0c12Z-BHLQhGpfq6-/view?usp=drive_link,24/10/2025,28/11/2025,En ejecución,100,350,,,,,,50,80,80,660,"$16.545.354,00","$56.525.332,50",,,"$0,00",,,"$8.023.093,50","$10.569.276,00","$9.560.430,40","$101.223.486,40"
Zona 2 (norte),General RodrÍguez,1,20,EX-2025-21481936- -GDEBA-DPTLMIYSPGP,Gerónimo Rizzo S.A.,Arroyo de las Palomas,Desde Figueroa Alcorta hasta Juan José Castro,"-34.568297, -58.969317","-34.582978, -58.974407","34°34'05.9""S 58°58'09.5""W","34°34'58.7""S 58°58'27.9""W",1760,Arroyo,https://www.google.com/maps/d/edit?mid=1-fL9BD4R5JAgoeQysruQ94bn_YUf4jk&usp=sharing,https://www.google.com/maps/d/embed?mid=1-fL9BD4R5JAgoeQysruQ94bn_YUf4jk&ehbc=2E312F&noprof=1,https://drive.google.com/file/d/1LJFAXkhUG9DSXjOdU7boNq0ZDAUoITGq/view?usp=drive_link,31/7/2025,20/8/2025,Finalizado,,50,,30,15,,,,,15,110,"$0,00","$9.819.000,00",,"$5.066.580,00","$2.209.275,00","$0,00","$0,00",,,"$2.356.560,00","$19.451.415,00"
Zona 2 (norte),General RodrÍguez,1,20,EX-2025-21481936- -GDEBA-DPTLMIYSPGP,Gerónimo Rizzo S.A.,Arroyo Carabassa,Desde los límites con el partido de Luján paralelo a calle El Carpincho hasta la Av. José Dalco Domenech,"-34.544552, -58.955957","-34.566476, -58.937013","34°32'40.4""S 58°57'21.5""W","34°33'59.3""S 58°56'13.3""W",3180,Arroyo,https://www.google.com/maps/d/edit?mid=1W5Ue8wxEOh2bjMrbtG8HcwuhTs3-HXI&usp=sharing,https://www.google.com/maps/d/embed?mid=1W5Ue8wxEOh2bjMrbtG8HcwuhTs3-HXI&ehbc=2E312F&noprof=1,https://drive.google.com/file/d/1uES9UfxYwRv3y6jBNTsDxwuyQwbpGBQs/view?usp=drive_link,31/7/2025,20/8/2025,Finalizado,,100,,60,25,25,,,,25,235,"$0,00","$19.638.000,00",,"$10.133.160,00","$3.682.125,00","$5.400.450,00","$0,00",,,"$3.927.600,00","$42.781.335,00"
Zona 2 (norte),General RodrÍguez,1,20,EX-2025-21481936- -GDEBA-DPTLMIYSPGP,Gerónimo Rizzo S.A.,Cañada San Antonio Brazo Corto,Desde su confluencia con la Cañada San Antonio Brazo Largo hasta la Patricio Ham y S.ub Dorado Able Rossi,"-34.639323, -58.922675","-34.614181, -58.931342","34°38'21.6""S 58°55'21.6""W","34°36'51.1""S 58°55'52.8""W",3200,Cañada / Rambla,https://www.google.com/maps/d/edit?mid=17qbNviVIAoCPgZfgdI9jtkQtItWk0ds&usp=sharing,https://www.google.com/maps/d/embed?mid=17qbNviVIAoCPgZfgdI9jtkQtItWk0ds&ehbc=2E312F&noprof=1,https://drive.google.com/file/d/1T1gtyIRMMVyTOmtB6AY8sBlkiFkt3TO2/view?usp=drive_link,31/7/2025,20/8/2025,Finalizado,,100,,60,25,50,,,,25,260,"$0,00","$19.638.000,00",,"$10.133.160,00","$3.682.125,00","$10.800.900,00","$0,00",,,"$3.927.600,00","$48.181.785,00"
Zona 2 (norte),General San Martín,2,35,EX-2025-26466150- -GDEBA-DPTLMIYSPGP,Gerónimo Rizzo S.A.,Canal José León Suárez Norte,Desde 150m. aguas abajo de las vías del ferrocarril hasta la altura de calle Libertad,"-34.520400, -58.587310","-34.519122, -58.583224","34°31'13.4""S 58°35'14.3""W","34°31'08.8""S 58°34'59.6""W",400,Arroyo,https://www.google.com/maps/d/edit?mid=18EM92gEg-LPl14n3rVOay6c0YKwaATY&usp=sharing,https://www.google.com/maps/d/embed?mid=18EM92gEg-LPl14n3rVOay6c0YKwaATY&ehbc=2E312F&noprof=1,https://drive.google.com/file/d/1PESiKDhwjjD4AGW7L2DKPiLNEwIetfIF/view?usp=drive_link,3/9/2025,7/10/2025,Finalizado,15,25,,,,15,,,,,55,"$3.489.225,00","$4.909.500,00",,"$0,00","$0,00","$3.240.270,00","$0,00",,,"$0,00","$11.638.995,00"
Zona 2 (norte),General San Martín,2,35,EX-2025-26466150- -GDEBA-DPTLMIYSPGP,Gerónimo Rizzo S.A.,Canal Güemes,Desde la Au. Cam del Buen Ayre has su entubamiento en cercanía de calle Corrientes,"-34.550469, -58.608016","-34.556026, -58.600641","34°33'01.7""S 58°36'28.9""W","34°33'21.7""S 58°36'02.3""W",900,Canal revestido,https://www.google.com/maps/d/edit?mid=1-iJ7TI5eZgYuMgr8zRFCujEBeNDHW2w&usp=sharing,https://www.google.com/maps/d/embed?mid=1-iJ7TI5eZgYuMgr8zRFCujEBeNDHW2w&ehbc=2E312F&noprof=1,https://drive.google.com/file/d/1-kHAj9zIFkk-tRYmBhiX99PmKtexKs4a/view?usp=drive_link,3/9/2025,7/10/2025,Finalizado,,55,,35,,15,,,,35,140,"$0,00","$10.800.900,00",,"$5.911.010,00","$0,00","$3.240.270,00","$0,00",,,"$5.498.640,00","$25.450.820,00"
Zona 2 (norte),General San Martín,2,35,EX-2025-26466150- -GDEBA-DPTLMIYSPGP,Gerónimo Rizzo S.A.,Río Reconquista,Sector prximo a las vias del ferrocarril línea Belgrano Norte,"-34.505130, -58.601363","-34.505749, -58.601562","34°30'18.5""S 58°36'04.9""W","34°30'20.7""S 58°36'05.6""W",100,Río,https://www.google.com/maps/d/edit?mid=1N1PElnOgLnN3-poc7PAmYAKnTiib1iQ&usp=sharing,https://www.google.com/maps/d/embed?mid=1N1PElnOgLnN3-poc7PAmYAKnTiib1iQ&ehbc=2E312F&noprof=1,https://drive.google.com/file/d/1Z4J2TqLKe9kTdvIwEvv3yg8xNfaSDDjt/view?usp=drive_link,3/9/2025,7/10/2025,Finalizado,,,,,10,10,10,,,,30,"$0,00","$0,00",,"$0,00","$1.472.850,00","$2.160.180,00","$2.258.370,00",,,"$0,00","$5.891.400,00"
Zona 2 (norte),Morón,2,35,EX-2025-26466150- -GDEBA-DPTLMIYSPGP,Gerónimo Rizzo S.A.,Cuenca Céspedes - Curso principal,Desde la desembocadura en el Arroyo Morón hasta su entubamiento en Pres. Santiago Derqui,"-34.614613, -58.620244","-34.621444, -58.602538","34°36'52.6""S 58°37'12.9""W","34°37'17.2""S 58°36'09.1""W",1450,Arroyo,https://www.google.com/maps/d/edit?mid=1_3N24hBY1RoYwavs9vLimLEZB79v_nE&usp=sharing,https://www.google.com/maps/d/embed?mid=1_3N24hBY1RoYwavs9vLimLEZB79v_nE&ehbc=2E312F&noprof=1,https://drive.google.com/file/d/13G-DCz8jdqoNUlR_Tun8on2TNTgnm8DQ/view?usp=drive_link,3/9/2025,7/10/2025,Finalizado,197,30,,,32,,,,,,259,"$45.825.155,00","$5.891.400,00",,"$0,00","$4.713.120,00","$0,00","$0,00",,,"$0,00","$56.429.675,00"
Zona 2 (norte),Morón,2,35,EX-2025-26466150- -GDEBA-DPTLMIYSPGP,Gerónimo Rizzo S.A.,Cuenca Céspedes - Canal aliviador,Desde su desembocadura en el Arroyo Morón hasta su confluencia con el curso principal,"-34.618851, -58.618419","-34.620429, -58.605107","34°37'07.9""S 58°37'06.3""W","34°37'13.5""S 58°36'18.4""W",1300,Arroyo,https://www.google.com/maps/d/edit?mid=1i3cxe8zouiWHMn2EZXT5zX2nd5rKqDo&usp=sharing,https://www.google.com/maps/d/embed?mid=1i3cxe8zouiWHMn2EZXT5zX2nd5rKqDo&ehbc=2E312F&noprof=1,https://drive.google.com/file/d/13By38nMCOHYcTFWajtLacUkKolaxxlU0/view?usp=drive_link,3/9/2025,7/10/2025,Finalizado,,35,,,60,,,,,,95,"$0,00","$6.873.300,00",,"$0,00","$8.837.100,00","$0,00","$0,00",,,"$0,00","$15.710.400,00"
Zona 2 (norte),Moreno,3,55,EX-2025-34981014- -GDEBA-DPTLMIYSPGP,Gerónimo Rizzo S.A.,Arroyo Los Perros,Desde su desembocadura en el Arroyo Las Catonas hasta la calle C. Marcos de Bueno,"-34.610242, -58.772877","-34.624342, -58.788183","34°36'36.9""S 58°46'22.4""W","34°37'27.6""S 58°47'17.5""W",2150,Canal revestido,https://www.google.com/maps/d/edit?mid=16znr_wfPPmbkiraG-j5Io7lJFDywhko&usp=sharing,https://www.google.com/maps/d/embed?mid=16znr_wfPPmbkiraG-j5Io7lJFDywhko&ehbc=2E312F&noprof=1,https://drive.google.com/file/d/16XOcyauI0C_XCvUTKKDVAsl9_S3P6QlT/view?usp=drive_link,En trámite,En trámite,Planificado,,100,,50,,60,100,,,40,350,"$0,00","$19.638.000,00",,"$8.444.300,00","$0,00","$12.961.080,00","$22.583.700,00",,,"$6.284.160,00","$69.911.240,00"
Zona 2 (norte),Tigre,3,55,EX-2025-34981014- -GDEBA-DPTLMIYSPGP,Gerónimo Rizzo S.A.,Arroyo Basualdo,Desde las vías del FFCC G. B. Mire (cerca de C. 9 de Julio y Fray Justa Sta. Ma. de Oro) hasta Leandro Nicéforo Alem,"-34.488585, -58.646244","-34.472342, -58.622390","34°29'18.9""S 58°38'46.5""W","34°28'20.4""S 58°37'20.6""W",3100,Arroyo,https://www.google.com/maps/d/edit?mid=1ZnH4ormRM1SFmW8ERSVO99KaIbVJ0AU&usp=sharing,https://www.google.com/maps/d/embed?mid=1ZnH4ormRM1SFmW8ERSVO99KaIbVJ0AU&ehbc=2E312F&noprof=1,https://drive.google.com/file/d/1zDk_6SisMOvTQCOzvYN5tZodz95H5GSY/view?usp=drive_link,En trámite,En trámite,Planificado,80,80,,50,,40,100,,,50,400,"$18.609.200,00","$15.710.400,00",,"$8.444.300,00","$0,00","$8.640.720,00","$22.583.700,00",,,"$7.855.200,00","$81.843.520,00"
Zona 2 (norte),Escobar,3,55,EX-2025-34981014- -GDEBA-DPTLMIYSPGP,Gerónimo Rizzo S.A.,Arroyo Escobar,Desde Sucre hasta el Acceso Norte de la Ruta NAc. N° 9,"-34.369942, -58.753254","-34.372071, -58.761162","34°22'11.8""S 58°45'11.7""W","34°22'19.5""S 58°45'40.2""W",1260,Arroyo,https://www.google.com/maps/d/edit?mid=1vIrSZaFt9m26jr668EUF9bnkHna3jus&usp=sharing,https://www.google.com/maps/d/edit?mid=1vIrSZaFt9m26jr668EUF9bnkHna3jus&usp=sharing,https://drive.google.com/file/d/1usNXb946qhbeM2wAt1sojyT5i-Nr0nNt/view?usp=drive_link,En trámite,En trámite,Planificado,40,70,,30,,52,90,,,30,312,"$9.304.600,00","$13.746.600,00",,"$5.066.580,00","$0,00","$11.232.936,00","$20.325.330,00",,,"$4.713.120,00","$64.389.166,00"
Zona 2 (norte),Suipacha,3,55,EX-2025-34981014- -GDEBA-DPTLMIYSPGP,Gerónimo Rizzo S.A.,Arroyo El Durazno,Desde su confluencia con el Arroyo Los Leones hasta Calle Gradoy,"-34.753878, -59.674095","-34.770352, -59.709423","34°45'14.0""S 59°40'26.7""W","34°46'13.3""S 59°42'33.9""W",3850,Arroyo,https://www.google.com/maps/d/edit?mid=1yQUeCSx4lO6hElrGxTbyOxsMkD-UUmo&usp=sharing,https://www.google.com/maps/d/embed?mid=1yQUeCSx4lO6hElrGxTbyOxsMkD-UUmo&ehbc=2E312F&noprof=1,https://drive.google.com/file/d/1-6KYYjrxfUp4PQSF9F9FRYfqY75JMzD9/view?usp=drive_link,En trámite,En trámite,Planificado,20,200,,,15,60,,,,35,330,"$4.652.300,00","$39.276.000,00",,"$0,00","$2.209.275,00","$12.961.080,00","$0,00",,,"$5.498.640,00","$64.597.295,00"
Zona 2 (norte),Suipacha,3,55,EX-2025-34981014- -GDEBA-DPTLMIYSPGP,Gerónimo Rizzo S.A.,Arroyo Los Leones,Desde su desembocadura en el Arroyo El Durazno hasta Ruta NAc. N° 5,"-34.753878, -59.674095","-34.783126, -59.682101","34°45'14.0""S 59°40'26.7""W","34°46'59.3""S 59°40'55.6""W",4000,Arroyo,https://www.google.com/maps/d/edit?mid=17hClaBSlsb3hhW2KnPUnLZhk-O6A7BQ&usp=sharing,https://www.google.com/maps/d/embed?mid=17hClaBSlsb3hhW2KnPUnLZhk-O6A7BQ&ehbc=2E312F&noprof=1,https://drive.google.com/file/d/1i_r_1IaEWZBLrdDwsw_A3b5zr5FwPRi1/view?usp=drive_link,En trámite,En trámite,Planificado,35,210,,,18,50,,,,40,353,"$8.141.525,00","$41.239.800,00",,"$0,00","$2.651.130,00","$10.800.900,00","$0,00",,,"$6.284.160,00","$69.117.515,00"
Zona 2 (norte),Ituzaingó,3,55,EX-2025-34981014- -GDEBA-DPTLMIYSPGP,Gerónimo Rizzo S.A.,Canal de desagüe barrio del Sol,"Desde Camino del Buen Ayre, margen norte, hasta Lucio V. Mansilla","-34.602933, -58.705505","-34.605823, -58.703758","34°36'10.6""S 58°42'19.8""W","34°36'21.0""S 58°42'13.5""W",210,Canal sin revestir,https://www.google.com/maps/d/edit?mid=1gEHiFk6QIlawZzUXSDLjEDf2d2E4N20&usp=sharing,https://www.google.com/maps/d/embed?mid=1gEHiFk6QIlawZzUXSDLjEDf2d2E4N20&ehbc=2E312F&noprof=1,https://drive.google.com/file/d/1UO830YZ68sxa7abgcJxe6_QxVzZUgpgS/view?usp=drive_link,En trámite,En trámite,Planificado,10,,,,,5,,,,30,45,"$2.326.150,00","$0,00",,"$0,00","$0,00","$1.080.090,00","$0,00",,,"$4.713.120,00","$8.119.360,00"
Zona 2 (norte),Ituzaingó,3,55,EX-2025-34981014- -GDEBA-DPTLMIYSPGP,Gerónimo Rizzo S.A.,Cuenca Chimbora,Desde la Au. Camino del Buen Ayre hasta Chimbora y Del Cabestro,"-34.598078, -58.694250","-34.599068, -58.693203","34°35'53.1""S 58°41'39.3""W","34°35'56.6""S 58°41'35.5""W",150,Canal sin revestir,https://www.google.com/maps/d/edit?mid=1R6vepeAy4YNYmeObXv9XRksCyqMrzs4&usp=sharing,https://www.google.com/maps/d/embed?mid=1R6vepeAy4YNYmeObXv9XRksCyqMrzs4&ehbc=2E312F&noprof=1,https://drive.google.com/file/d/1XAFiUpNBOQm6cH0GPiKFqSWNOOsY63PB/view?usp=drive_link,En trámite,En trámite,Planificado,3,10,,,,,,,,30,43,"$697.845,00","$1.963.800,00",,"$0,00","$0,00","$0,00","$0,00",,,"$4.713.120,00","$7.374.765,00"
Zona 2 (centro),Quilmes,1,20,EX-2025-21481897- -GDEBA-DPTLMIYSPGP,Marcalba S.A.,Arroyo Gimenez,Desde la Au. Bs. As. La Plata hasta el canal aliviador,"-34.731810, -58.217793","-34.748223, -58.221304","34°43'54.5""S 58°13'04.1""W","34°44'53.6""S 58°13'16.7""W",1500,Arroyo,https://www.google.com/maps/d/edit?mid=1gJx1kNfeGMK7cKDj3uWz06GoMV1VBfw&usp=sharing,https://www.google.com/maps/d/embed?mid=1gJx1kNfeGMK7cKDj3uWz06GoMV1VBfw&ehbc=2E312F&noprof=1,https://drive.google.com/file/d/1MUT76S-kPuPj7yABZ5WRkY83EAT238EN/view?usp=drive_link,5/8/2025,26/8/2025,Finalizado,,100,,,,,,,,35,135,"$0,00","$19.666.050,00",,"$0,00","$0,00","$0,00","$0,00",,,"$8.062.397,70","$27.728.447,70"
Zona 2 (centro),Quilmes,1,20,EX-2025-21481897- -GDEBA-DPTLMIYSPGP,Marcalba S.A.,Canal Aliviador del Arroyo Gimenez,Desde la Au. Bs. As. - La Plata hasta su confluencia con el arroyo Gimenez,"-34.741129, -58.207280","-34.748277, -58.221253","34°44'28.1""S 58°12'26.2""W","34°44'53.8""S 58°13'16.5""W",1500,Canal sin revestir,https://www.google.com/maps/d/edit?mid=1g3L50jjG3Mpp_Elkn1Om76ofN_z7nUI&usp=sharing,https://www.google.com/maps/d/embed?mid=1g3L50jjG3Mpp_Elkn1Om76ofN_z7nUI&ehbc=2E312F&noprof=1,https://drive.google.com/file/d/16B4sXfRmFOkslw5stgavVuZkhPeX6fhD/view?usp=drive_link,5/8/2025,26/8/2025,Finalizado,20,55,,,,,,,,35,110,"$4.692.278,20","$10.816.327,50",,"$0,00","$0,00","$0,00","$0,00",,,"$8.062.397,70","$23.571.003,40"
Zona 2 (centro),Quilmes,1,20,EX-2025-21481897- -GDEBA-DPTLMIYSPGP,Marcalba S.A.,Canal IMPA,Desde Calle Los Ciruelos (Av. Italia) hasta la Av. Cevallos y Alberdi,"-34.706019, -58.233854","-34.713189, -58.253285","34°42'21.7""S 58°14'01.9""W","34°42'47.5""S 58°15'11.8""W",2400,Canal sin revestir,https://www.google.com/maps/d/edit?mid=1lB2z-8ETDsLQ8MCcZsEpYx7au9ZSnp8&usp=sharing,https://www.google.com/maps/d/embed?mid=1lB2z-8ETDsLQ8MCcZsEpYx7au9ZSnp8&ehbc=2E312F&noprof=1,https://drive.google.com/file/d/1nAy2Bo6uJvPqdNCGEwCuol5HUdgsdCoe/view?usp=drive_link,5/8/2025,26/8/2025,Finalizado,,130,,30,,,,,,30,190,"$0,00","$25.565.865,00",,"$4.328.810,10","$0,00","$0,00","$0,00",,,"$6.910.626,60","$36.805.301,70"
Zona 2 (centro),La Matanza,2,40,EX-2025-26466192- -GDEBA-DPTLMIYSPGP,Marcalba S.A.,Arroyo Chacón,Desde la desembocadura en el Río Matanza hasta la calle Paraná límite con el partido de Marcos Paz,"-34.875926, -58.644967","-34.892512, -58.718379","34°52'33.3""S 58°38'41.9""W","34°53'33.0""S 58°43'06.2""W",8440,Arroyo,https://www.google.com/maps/d/edit?mid=1CfORaT6EaisD43fxrDF3aR1qrRE8SKU&usp=sharing,https://www.google.com/maps/d/embed?mid=1CfORaT6EaisD43fxrDF3aR1qrRE8SKU&ehbc=2E312F&noprof=1,https://drive.google.com/file/d/1PKF8nObMaVEUnnA_SO7HncH5pIWrI4Q7/view?usp=drive_link,26/9/2025,4/11/2025,Finalizado,100,170,,70,50,40,100,,,50,580,"$23.461.391,00","$33.432.285,00",,"$10.100.556,90","$6.356.021,00","$7.705.217,60","$22.336.201,00",,,"$11.517.711,00","$114.909.383,50"
Zona 2 (centro),La Matanza,2,40,EX-2025-26466192- -GDEBA-DPTLMIYSPGP,Marcalba S.A.,Zanjón Urien,Paralelo a calle Urien desde su desembocadura en el Río Matanza hasta el acceso a Au. Presidente Perón,"-34.847689, -58.629075","-34.833246, -58.646966","34°50'51.7""S 58°37'44.7""W","34°49'59.7""S 58°38'49.1""W",2300,Zanja / Zanjón,https://www.google.com/maps/d/edit?mid=1ATngaGtksRRb0hcgRs5evTNcp-7_Jek&usp=sharing,https://www.google.com/maps/d/embed?mid=1ATngaGtksRRb0hcgRs5evTNcp-7_Jek&ehbc=2E312F&noprof=1,https://drive.google.com/file/d/1Y0iW6TrklcxIj9qb1s8RcRs-_hqAvRlK/view?usp=drive_link,26/9/2025,4/11/2025,Finalizado,10,40,,,10,,30,,,10,100,"$2.346.139,10","$7.866.420,00",,"$0,00","$1.271.204,20","$0,00","$6.700.860,30",,,"$2.303.542,20","$20.488.165,80"
Zona 2 (centro),Presidente Perón,3,60,EX-2025-34979806- -GDEBA-DPTLMIYSPGP,Marcalba S.A.,Canal I,"Desde los límites del partido de Presidente Perón con San Vicente, en calle 50 hasta Av. 38","-34.954850, -58.376741","-34.921517, -58.381142","34°57'17.5""S 58°22'36.3""W","34°55'17.5""S 58°22'52.1""W",3760,Canal sin revestir,https://www.google.com/maps/d/edit?mid=1MSFI8j_75qaBXFohNEYaCBlx82Wq6NU&usp=sharing,https://www.google.com/maps/d/embed?mid=1MSFI8j_75qaBXFohNEYaCBlx82Wq6NU&ehbc=2E312F&noprof=1,https://drive.google.com/file/d/1CFipjKOlfSvWV5mDAHdsdGFD0pH1Nm0J/view?usp=drive_link,1/11/2025,1/12/2025,En ejecución,10,100,,10,20,20,10,,,10,180,"$2.346.139,10","$19.666.050,00",,"$1.442.936,70","$2.542.408,40","$3.852.608,80","$2.233.620,10",,,"$2.303.542,20","$34.387.305,30"
Zona 2 (centro),Presidente Perón,3,60,EX-2025-34979806- -GDEBA-DPTLMIYSPGP,Marcalba S.A.,Afluente Don Eduardo,Desde calle Libertador San Martín hasta Ruta 210,"-34.945465, -58.377441","-34.936476, -58.370120","34°56'43.7""S 58°22'38.8""W","34°56'11.3""S 58°22'12.4""W",1400,Canal sin revestir,https://www.google.com/maps/d/edit?mid=1Tl3Z7HEUXO6YVTx0mDH6sP4A6rbfPVo&usp=sharing,https://www.google.com/maps/d/embed?mid=1Tl3Z7HEUXO6YVTx0mDH6sP4A6rbfPVo&ehbc=2E312F&noprof=1,https://drive.google.com/file/d/1FYddLJ79psqMnJ2IQS9962k2QiORSQAs/view?usp=drive_link,1/11/2025,2/12/2025,En ejecución,10,50,,5,10,10,5,,,20,110,"$2.346.139,10","$9.833.025,00",,"$721.468,35","$1.271.204,20","$1.926.304,40","$1.116.810,05",,,"$4.607.084,40","$21.822.035,50"
Zona 2 (centro),Cañuelas,3,60,EX-2025-34979806- -GDEBA-DPTLMIYSPGP,Marcalba S.A.,Arroyo Castro,Desde su confluencia con el Arroyo Cebey hasta la Ruta Provincial N° 6,"-34.987788, -58.763002","-34.999067, -58.778873","34°59'16.0""S 58°45'46.8""W","34°59'56.6""S 58°46'43.9""W",2100,Arroyo,https://www.google.com/maps/d/edit?mid=1eFAjH1juMbwwHDOG-EueU0jgjROL-RI&usp=sharing,https://www.google.com/maps/d/embed?mid=1eFAjH1juMbwwHDOG-EueU0jgjROL-RI&ehbc=2E312F&noprof=1,https://drive.google.com/file/d/1NE1lewReEK5nho-pwJDVkU-ttBKdwQZo/view?usp=drive_link,1/11/2025,3/12/2025,En ejecución,20,60,,20,30,40,,,,50,220,"$4.692.278,20","$11.799.630,00",,"$2.885.873,40","$3.813.612,60","$7.705.217,60","$0,00",,,"$11.517.711,00","$42.414.322,80"
Zona 2 (centro),Lomas de Zamora,3,60,EX-2025-34979806- -GDEBA-DPTLMIYSPGP,Marcalba S.A.,Arroyo Santa Catalina,Desde la desembocadura en el Río Matanza-Riachuelo en Camino de la Ribera Sur hasta la Av. Olimpo,"-34.727872, -58.484079","-34.736290, -58.482038","34°43'40.3""S 58°29'02.7""W","34°44'10.6""S 58°28'55.3""W",1000,Arroyo,https://www.google.com/maps/d/edit?mid=1AuWDsZzZ_TDHqw_1SR_GXmtMXDuEL5I&usp=sharing,https://www.google.com/maps/d/embed?mid=1AuWDsZzZ_TDHqw_1SR_GXmtMXDuEL5I&ehbc=2E312F&noprof=1,https://drive.google.com/file/d/1OpifbmgLOf2aYeDwL8Vbxe_42blCjeNT/view?usp=drive_link,1/11/2025,4/12/2025,En ejecución,100,80,,40,,40,20,,,,280,"$23.461.391,00","$15.732.840,00",,"$5.771.746,80","$0,00","$7.705.217,60","$4.467.240,20",,,"$0,00","$57.138.435,60"
Zona 2 (centro),Lomas de Zamora,3,60,EX-2025-34979806- -GDEBA-DPTLMIYSPGP,Marcalba S.A.,Canal Mugica,Sector próximo a su confluencia con el Arroyo Santa Catalina,"-34.727893, -58.483781","-34.727474, -58.483314","34°43'40.4""S 58°29'01.6""W","34°43'38.9""S 58°28'59.9""W",70,Arroyo,https://www.google.com/maps/d/edit?mid=1x3kHwPpqOQ_xi3LJiRn2H-8Hjf6nLwI&usp=sharing,https://www.google.com/maps/d/embed?mid=1x3kHwPpqOQ_xi3LJiRn2H-8Hjf6nLwI&ehbc=2E312F&noprof=1,https://drive.google.com/file/d/1qyud9McWCxeboKkRMLdg4QLS7kgHRRkN/view?usp=drive_link,1/11/2025,5/12/2025,En ejecución,20,15,,5,,10,5,,,,55,"$4.692.278,20","$2.949.907,50",,"$721.468,35","$0,00","$1.926.304,40","$1.116.810,05",,,"$0,00","$11.406.768,50"
Zona 2 (centro),Lomas de Zamora,3,60,EX-2025-34979806- -GDEBA-DPTLMIYSPGP,Marcalba S.A.,Arroyo Galindez,Dentro del predio del parke Finky,"-34.786219, -58.397770","-34.788179, -58.397987","34°47'10.4""S 58°23'52.0""W","34°47'17.4""S 58°23'52.8""W",230,Arroyo,https://www.google.com/maps/d/edit?mid=1hWTdnLT2bFYQkHGaWU944RBAYDmn3k8&usp=sharing,https://www.google.com/maps/d/embed?mid=1hWTdnLT2bFYQkHGaWU944RBAYDmn3k8&ehbc=2E312F&noprof=1,https://drive.google.com/file/d/1FmPyc_7JdrWo1q6_n1pxwLBds1MMkmWK/view?usp=drive_link,1/11/2025,6/12/2025,En ejecución,40,25,,20,10,10,,,,,105,"$9.384.556,40","$4.916.512,50",,"$2.885.873,40","$1.271.204,20","$1.926.304,40","$0,00",,,"$0,00","$20.384.450,90"
Zona 2 (centro),La Matanza,3,60,EX-2025-34979806- -GDEBA-DPTLMIYSPGP,Marcalba S.A.,Zanjón Ballivian,Desde la desembocadura en el Río Matanza Riachuelo hasta calle Cepeda y vías del ferrocaril,"-34.794463, -58.589782","-34.769315, -58.643378","34°47'40.1""S 58°35'23.2""W","34°46'09.5""S 58°38'36.2""W",5930,Zanja / Zanjón,https://www.google.com/maps/d/edit?mid=1V_suUcqBFesEzCgGd_HghMptRDJPSl0&usp=sharing,https://www.google.com/maps/d/embed?mid=1V_suUcqBFesEzCgGd_HghMptRDJPSl0&ehbc=2E312F&noprof=1,https://drive.google.com/file/d/1GBrBfYiCE7nMA2gHpIvFBGetM2FePYpt/view?usp=drive_link,1/11/2025,7/12/2025,En ejecución,60,120,,30,35,20,40,,,,305,"$14.076.834,60","$23.599.260,00",,"$4.328.810,10","$4.449.214,70","$3.852.608,80","$8.934.480,40",,,"$0,00","$59.241.208,60"
Zona 2 (centro),La Matanza,3,60,EX-2025-34979806- -GDEBA-DPTLMIYSPGP,Marcalba S.A.,Arroyo La Frontera,Desde su desembocadura en el Arroyo Don Mario en Av. Gra Rojo (RPN21) hasta su entubamiento al al altura de calle Las Orquideas y el sector comprendido entre la Av. 17 de Octubre y las váis del ferrocarril,"-34.739422, -58.563340","-34.708292, -58.558018","34°44'21.9""S 58°33'48.0""W","34°42'29.9""S 58°33'28.9""W",4040,Arroyo,https://www.google.com/maps/d/edit?mid=1dh_tpd3VyR53B5LwdwJYWlCvodPLlFY&usp=sharing,https://www.google.com/maps/d/embed?mid=1dh_tpd3VyR53B5LwdwJYWlCvodPLlFY&ehbc=2E312F&noprof=1,https://drive.google.com/file/d/1fPdaH_VbapD4NJ6o1I3-PUn8UWV2rjmy/view?usp=drive_link,1/11/2025,8/12/2025,En ejecución,,70,,30,25,30,60,,,,215,"$0,00","$13.766.235,00",,"$4.328.810,10","$3.178.010,50","$5.778.913,20","$13.401.720,60",,,"$0,00","$40.453.689,40"
Zona 2 (centro),La Matanza,3,60,EX-2025-34979806- -GDEBA-DPTLMIYSPGP,Marcalba S.A.,Arroyo Las Víboras,"Desde su desembocadura en el Arroyo Morales hasta calle Hernandarias, límite con el partido de Merlo","-34.789339, -58.646281","-34.727794, -58.661277","34°47'21.6""S 58°38'46.6""W","34°43'40.1""S 58°39'40.6""W",8080,Arroyo,https://www.google.com/maps/d/edit?mid=1A4aWPzXBzUOVp5EaS2JTa1VMUa5cT8o&usp=sharing,https://www.google.com/maps/d/embed?mid=1A4aWPzXBzUOVp5EaS2JTa1VMUa5cT8o&ehbc=2E312F&noprof=1,https://drive.google.com/file/d/1dOlNcGbfCs7_oyvROEcImCwdTEcff__f/view?usp=drive_link,1/11/2025,9/12/2025,En ejecución,10,100,,50,45,50,25,,,,280,"$2.346.139,10","$19.666.050,00",,"$7.214.683,50","$5.720.418,90","$9.631.522,00","$5.584.050,25",,,"$0,00","$50.162.863,75"
Zona 2 (centro),Almirante Brown,3,60,EX-2025-34979806- -GDEBA-DPTLMIYSPGP,Marcalba S.A.,Arroyo Las Piedras - Curso principal,Desde el límite con la localidad de Florencio Varela hasta sus neciente sen calle Leyes,"-34.829533, -58.312050","-34.873740, -58.348833","34°49'46.3""S 58°18'43.4""W","34°52'25.5""S 58°20'55.8""W",7800,Arroyo,https://www.google.com/maps/d/edit?mid=1IRohVU84_UAUfr0kEld23LZbN6une7A&usp=sharing,https://www.google.com/maps/d/embed?mid=1IRohVU84_UAUfr0kEld23LZbN6une7A&ehbc=2E312F&noprof=1,https://drive.google.com/file/d/1BbJJVEzIbT6plu0kfQIPGmDAEBktVoC9/view?usp=drive_link,1/11/2025,10/12/2025,En ejecución,,50,,40,40,30,5,,,25,190,"$0,00","$9.833.025,00",,"$5.771.746,80","$5.084.816,80","$5.778.913,20","$1.116.810,05",,,"$5.758.855,50","$33.344.167,35"
Zona 2 (centro),Almirante Brown,3,60,EX-2025-34979806- -GDEBA-DPTLMIYSPGP,Marcalba S.A.,Arroyo Las Piedras - Brazo medio,"Desde su confluencia con el brazo sur, cerca de los límites con el partido de Florencio Varela hasta sus nacientes en calle Gral. Brig. Manuel Calderón","-34.833784, -58.311357","-34.867408, -58.327607","34°50'01.6""S 58°18'40.9""W","34°52'02.7""S 58°19'39.4""W",4400,Arroyo,https://www.google.com/maps/d/edit?mid=1zLLo6F3MJWMHlTr3MYNn_wUTh-rbNSw&usp=sharing,https://www.google.com/maps/d/embed?mid=1zLLo6F3MJWMHlTr3MYNn_wUTh-rbNSw&ehbc=2E312F&noprof=1,https://drive.google.com/file/d/1hyNOHJADvqLoLkIOfr12USLSvBEbEvkS/view?usp=drive_link,1/11/2025,11/12/2025,En ejecución,,20,,20,20,15,,,,5,80,"$0,00","$3.933.210,00",,"$2.885.873,40","$2.542.408,40","$2.889.456,60","$0,00",,,"$1.151.771,10","$13.402.719,50"
Zona 2 (centro),Almirante Brown,3,60,EX-2025-34979806- -GDEBA-DPTLMIYSPGP,Marcalba S.A.,Arroyo Las Piedras - Brazo sur,"Desde su confluencia con el brazo medio, cerca de los límites con el partido de Florencio Varela hasta sus nacientes en calle Cosme Argerich","-34.833784, -58.311357","-34.848303, -58.305211","34°50'01.6""S 58°18'40.9""W","34°50'53.9""S 58°18'18.8""W",1900,Arroyo,https://www.google.com/maps/d/edit?mid=11HULbgEQqtPHs4FuTg6xeet2wtPbrQM&usp=sharing,https://www.google.com/maps/d/embed?mid=11HULbgEQqtPHs4FuTg6xeet2wtPbrQM&ehbc=2E312F&noprof=1,https://drive.google.com/file/d/1wVc1e52N5iZRqJpNrpjop8IkQzVyUjbr/view?usp=drive_link,1/11/2025,12/12/2025,En ejecución,,10,,10,5,5,,,,,30,"$0,00","$1.966.605,00",,"$1.442.936,70","$635.602,10","$963.152,20","$0,00",,,"$0,00","$5.008.296,00"
Zona 2 (sur),Berisso,1,25,EX-2025-21481851- -GDEBA-DPTLMIYSPGP,Olivo Zamboano S.A.,Canal Sur paralelo a Av. Río de La Plata,Paralelo a Av. Río de La Plata desde su confluencia con el canal de desagüe de Villa Progreso hasta C. 122 bis,"-34.905550, -57.904061","-34.911966, -57.918803","34°54'20.0""S 57°54'14.6""W","34°54'43.1""S 57°55'07.7""W",1800,Canal sin revestir,https://www.google.com/maps/d/edit?mid=1WB1C9YSWZqfqnqLMODfLKDak1x2EGFg&usp=sharing,https://www.google.com/maps/d/embed?mid=1WB1C9YSWZqfqnqLMODfLKDak1x2EGFg&ehbc=2E312F&noprof=1,https://drive.google.com/file/d/19WStVGJlsqozcrvaDwQmkZrZxPqRwEtF/view?usp=drive_link,2/8/2025,27/8/2025,Finalizado,,100,,33,,,,48,25,25,231,"$0,00","$20.692.849,00",,"$5.413.122,00",,"$0,00","$0,00","$11.142.964,32","$4.937.187,25","$4.022.559,00","$46.208.681,57"
Zona 2 (sur),Berisso,1,25,EX-2025-21481851- -GDEBA-DPTLMIYSPGP,Olivo Zamboano S.A.,Canal Norte paralelo a Av. Río de La Plata,Paralelo a Av. Río de La PLata desde Calle 131 hasta su entubamiento en Av. 122,"-34.904431, -57.902496","-34.912008, -57.919591","34°54'16.0""S 57°54'09.0""W","34°54'43.2""S 57°55'10.5""W",1800,Canal sin revestir,https://www.google.com/maps/d/edit?mid=1f2iNF32yLEXqF0Hym33-AePdUrUh-_c&usp=sharing,https://www.google.com/maps/d/embed?mid=1f2iNF32yLEXqF0Hym33-AePdUrUh-_c&ehbc=2E312F&noprof=1,https://drive.google.com/file/d/1Bme2C2UjgfWe40FIUIzVKFiIBMPcHYPr/view?usp=drive_link,2/8/2025,27/8/2025,Finalizado,,100,,33,,,,48,25,25,231,"$0,00","$20.692.849,00",,"$5.413.122,00",,"$0,00","$0,00","$11.142.964,32","$4.937.187,25","$4.022.559,00","$46.208.681,57"
Zona 2 (sur),Berisso,1,25,EX-2025-21481851- -GDEBA-DPTLMIYSPGP,Olivo Zamboano S.A.,Afluente del Arroyo Maldonado paralelo a C.130,Paralelo a calle 130 desde la desembocadura en el Arroyo Maldonado hasta Ruta Porv. N° 11 y calle 45,"-34.921395, -57.886360","-34.935159, -57.878569","34°55'17.0""S 57°53'10.9""W","34°56'06.6""S 57°52'42.9""W",2330,Zanja / Zanjón,https://www.google.com/maps/d/edit?mid=1zk5yfIqrLCuHbLLF5TkRMi45OElr31Y&usp=sharing,https://www.google.com/maps/d/embed?mid=1zk5yfIqrLCuHbLLF5TkRMi45OElr31Y&ehbc=2E312F&noprof=1,https://drive.google.com/file/d/13OiekS555Z6tQyrav_k9onP7KFqghhca/view?usp=drive_link,2/8/2025,27/8/2025,Finalizado,,205,,,,50,,,,25,280,"$0,00","$42.420.340,45",,"$0,00",,"$9.142.620,50","$0,00","$0,00","$0,00","$4.022.559,00","$55.585.519,95"
Zona 2 (sur),Berisso,1,25,EX-2025-21481851- -GDEBA-DPTLMIYSPGP,Olivo Zamboano S.A.,Arroyo Maldonado,Desde calle 31 hasta la Ruta Provincial N° 11,"-34.921200, -57.886318","-34.929507, -57.897028","34°55'16.3""S 57°53'10.7""W","34°55'46.2""S 57°53'49.3""W",1800,Arroyo,https://www.google.com/maps/d/edit?mid=1-lYSt7lEa16Rmu5PjrxO1cYYoqwVUEA&usp=sharing,https://www.google.com/maps/d/embed?mid=1-lYSt7lEa16Rmu5PjrxO1cYYoqwVUEA&ehbc=2E312F&noprof=1,https://drive.google.com/file/d/1QzuiNvz3If4PCS7f4nSssrhlDWe04I87/view?usp=drive_link,2/8/2025,27/8/2025,Finalizado,134,,,,,,,,,,134,"$31.274.270,72","$0,00",,"$0,00",,"$0,00","$0,00","$0,00","$0,00","$0,00","$31.274.270,72"
Zona 2 (sur),La Plata,2,45,EX-2025-26466227- -GDEBA-DPTLMIYSPGP,Olivo Zamboano S.A.,Canal de vinculación de los Arroyos Rodríguez y El Gato,Desde su desembocadura en el Arroyo Rodriguez hasta su desembocadura en el Arroyo El Gato,"-34.862077, -58.022078","-34.880022, -57.984377","34°51'43.5""S 58°01'19.5""W","34°52'48.1""S 57°59'03.8""W",4200,Arroyo,https://www.google.com/maps/d/edit?mid=1JfbrC4esPdWHeSEus2BHNLtQSbwG4uo&usp=sharing,https://www.google.com/maps/d/embed?mid=1JfbrC4esPdWHeSEus2BHNLtQSbwG4uo&ehbc=2E312F&noprof=1,https://drive.google.com/file/d/1kisecdGC4QQ2nKXdnxccZszHfpyLadUJ/view?usp=drive_link,13/9/2025,27/10/2025,Finalizado,30,133,,50,,40,60,22,50,50,435,"$7.001.702,40","$27.521.489,17",,"$8.201.700,00",,"$7.314.096,40","$12.711.652,80","$5.107.191,98","$9.874.374,50","$8.045.118,00","$85.777.325,25"
Zona 2 (sur),La Plata,2,45,EX-2025-26466227- -GDEBA-DPTLMIYSPGP,Olivo Zamboano S.A.,Arroyo Martín,Desde las vías del ferrocarril hasta el Camino parque Centenario vía sur,"-34.856530, -58.061218","-34.860868, -58.065499","34°51'23.5""S 58°03'40.4""W","34°51'39.1""S 58°03'55.8""W",680,Arroyo,https://www.google.com/maps/d/edit?mid=1p9f--HWlpJo-Qi29_Wd0JQcu-6w74ts&usp=sharing,https://www.google.com/maps/d/embed?mid=1p9f--HWlpJo-Qi29_Wd0JQcu-6w74ts&ehbc=2E312F&noprof=1,https://drive.google.com/file/d/1w6zxRWxgi1IuwsrIVHOZetJnO2AZKLXz/view?usp=drive_link,13/9/2025,27/10/2025,Finalizado,15,55,,,,,,,,20,90,"$3.500.851,20","$11.381.066,95",,"$0,00",,"$0,00","$0,00","$0,00","$0,00","$3.218.047,20","$18.099.965,35"
Zona 2 (sur),La Plata,2,45,EX-2025-26466227- -GDEBA-DPTLMIYSPGP,Olivo Zamboano S.A.,Arroyo Carnaval,Desde su confluencia con el Arroyo Martín hasta el inicio del sector revestido en calle 12C,"-34.857377, -58.062631","-34.857878, -58.068200","34°51'26.6""S 58°03'45.5""W","34°51'28.4""S 58°04'05.5""W",540,Arroyo,https://www.google.com/maps/d/edit?mid=1aIJpnMnnswk2mvQ1WUqwEQWlPiXw9yc&usp=sharing,https://www.google.com/maps/d/embed?mid=1aIJpnMnnswk2mvQ1WUqwEQWlPiXw9yc&ehbc=2E312F&noprof=1,https://drive.google.com/file/d/1kZtrNhOlEmjKu6X_0mkyamk6uScHIY4f/view?usp=drive_link,13/9/2025,27/10/2025,Finalizado,15,50,,,,,,,,20,85,"$3.500.851,20","$10.346.424,50",,"$0,00",,"$0,00","$0,00","$0,00","$0,00","$3.218.047,20","$17.065.322,90"
Zona 2 (sur),La Plata,2,45,EX-2025-26466227- -GDEBA-DPTLMIYSPGP,Olivo Zamboano S.A.,Canal vinculación de la laguna García,Desde su desembocadura en la Laguna García hasta calle 436,"-34.956775, -58.152653","-34.952080, -58.158417","34°57'24.4""S 58°09'09.6""W","34°57'07.5""S 58°09'30.3""W",910,Canal sin revestir,https://www.google.com/maps/d/edit?mid=1rv8RI9QYnyIxfA243n6zQYO5BCyArjU&usp=sharing,https://www.google.com/maps/d/embed?mid=1rv8RI9QYnyIxfA243n6zQYO5BCyArjU&ehbc=2E312F&noprof=1,https://drive.google.com/file/d/1JkOFsoifABmByfwpaZiQ1VrmOiZKGkPS/view?usp=drive_link,13/9/2025,27/10/2025,Finalizado,,52,,,,,,,10,,62,"$0,00","$10.760.281,48",,"$0,00",,"$0,00","$0,00","$0,00","$1.974.874,90","$0,00","$12.735.156,38"
Zona 2 (sur),La Plata,2,45,EX-2025-26466227- -GDEBA-DPTLMIYSPGP,Olivo Zamboano S.A.,Afluente del Arroyo Maldonado en Barrio Evita,Paraleloa calle 30 desde su desembocadura en el Arroyo Maldonado hasta C.90,"-34.970748, -57.926310","-34.965789, -57.932803","34°58'14.7""S 57°55'34.7""W","34°57'56.8""S 57°55'58.1""W",800,Zanja / Zanjón,https://www.google.com/maps/d/edit?mid=12FsxGmEHlEVxdwk7vo6GhGRUVwyXLj8&usp=sharing,https://www.google.com/maps/d/embed?mid=12FsxGmEHlEVxdwk7vo6GhGRUVwyXLj8&ehbc=2E312F&noprof=1,https://drive.google.com/file/d/1bK7GtMIRQfVxoBZhyBAVjswA8_MeFMjN/view?usp=drive_link,13/9/2025,27/10/2025,Finalizado,20,100,,,,10,,,,35,165,"$4.667.801,60","$20.692.849,00",,"$0,00",,"$1.828.524,10","$0,00","$0,00","$0,00","$5.631.582,60","$32.820.757,30"
Zona 2 (sur),Berisso,3,35,EX-2025-34979238- -GDEBA-DPTLMIYSPGP,Olivo Zamboano S.A.,Arroyo del Zoologico,Desde su desembocadura en el brazo del Canal Santiago (altura C. 129) hasta Av. 122,"-34.898719, -57.925507","-34.904091, -57.931109","34°53'55.4""S 57°55'31.8""W","34°54'14.7""S 57°55'52.0""W",850,Arroyo,https://www.google.com/maps/d/edit?mid=1UNA6OQnToVfZiqAog6q7Jvox9Ty6axI&usp=sharing,https://www.google.com/maps/d/edit?mid=1UNA6OQnToVfZiqAog6q7Jvox9Ty6axI&usp=sharing,https://drive.google.com/file/d/11b9QtW5tgNC1sC7QcH7D0Yxi7BTSi6W1/view?usp=drive_link,En trámite,En trámite,Planificado,10,20,,,,65,20,,,20,135,"$2.333.900,80","$4.138.569,80",,"$0,00",,"$11.885.406,65","$4.237.217,60","$0,00","$0,00","$3.218.047,20","$25.813.142,05"
Zona 2 (sur),Berisso,3,35,EX-2025-34979238- -GDEBA-DPTLMIYSPGP,Olivo Zamboano S.A.,Brazo del canal Santiago,"Paralelo a 129, desde su desembocadura en Canal Santiago hasta C.3","-34.895712, -57.929496","-34.900736, -57.922807","34°53'44.6""S 57°55'46.2""W","34°54'02.7""S 57°55'22.1""W",820,Canal sin revestir,https://www.google.com/maps/d/edit?mid=1K4j62UaR7ge10xPz_Mmjn-PQEywIOZA&usp=sharing,https://www.google.com/maps/d/embed?mid=1K4j62UaR7ge10xPz_Mmjn-PQEywIOZA&ehbc=2E312F&noprof=1,https://drive.google.com/file/d/13nOV7ovq1vUagNdaO68DTeNdY-7r-npw/view?usp=drive_link,En trámite,En trámite,Planificado,26,50,,10,,15,50,,,40,191,"$6.068.142,08","$10.346.424,50",,"$1.640.340,00",,"$2.742.786,15","$10.593.044,00","$0,00","$0,00","$6.436.094,40","$37.826.831,13"
Zona 2 (sur),Berisso,3,35,EX-2025-34979238- -GDEBA-DPTLMIYSPGP,Olivo Zamboano S.A.,Desagüe del Barrio El Progreso,Desde su desembocadura en el Canal Sur paralelo a Av. Río de La Plata hasta su entubamiento en Calle 18 y 126,"-34.905626, -57.904099","-34.915618, -57.905817","34°54'20.3""S 57°54'14.8""W","34°54'56.2""S 57°54'20.9""W",1140,Zanja / Zanjón,https://www.google.com/maps/d/edit?mid=1k1TGGRXF23eLIwIt04hjwXyl1w-0AWk&usp=sharing,https://www.google.com/maps/d/embed?mid=1k1TGGRXF23eLIwIt04hjwXyl1w-0AWk&ehbc=2E312F&noprof=1,https://drive.google.com/file/d/1p4cQe-PG6KpQJvryErRFbBiEu30eIKg1/view?usp=drive_link,En trámite,En trámite,Planificado,,65,,,,35,20,,,25,145,"$0,00","$13.450.351,85",,"$0,00",,"$6.399.834,35","$4.237.217,60","$0,00","$0,00","$4.022.559,00","$28.109.962,80"
Zona 2 (sur),Brandsen,3,35,EX-2025-34979238- -GDEBA-DPTLMIYSPGP,Olivo Zamboano S.A.,Arroyo en Barrio Las Acacias,Desde su desembocadura en el Río Samborombón Chico hasta Francisco Luna,"-35.110845, -58.289159","-35.097120, -58.272210","35°06'39.0""S 58°17'21.0""W","35°05'49.6""S 58°16'20.0""W",2500,Arroyo,https://www.google.com/maps/d/edit?mid=1Tpecgr0Jpsll7xn2GwhhM_7ffSjsZvQ&usp=sharing,https://www.google.com/maps/d/embed?mid=1Tpecgr0Jpsll7xn2GwhhM_7ffSjsZvQ&ehbc=2E312F&noprof=1,https://drive.google.com/file/d/1A61AUWuAYqcwV2zehqvDxnNGDDg6zZnF/view?usp=drive_link,En trámite,En trámite,Planificado,,85,,40,,10,,,,20,155,"$0,00","$17.588.921,65",,"$6.561.360,00",,"$1.828.524,10","$0,00","$0,00","$0,00","$3.218.047,20","$29.196.852,95"
Zona 2 (sur),La Plata,3,35,EX-2025-34979238- -GDEBA-DPTLMIYSPGP,Olivo Zamboano S.A.,Arroyo Rodríguez,Desde 167 a metros de C. 501 hasta 178 y 515,"-34.934688, -58.061932","-34.952169, -58.063071","34°56'04.9""S 58°03'43.0""W","34°57'07.8""S 58°03'47.1""W",2000,Arroyo,https://www.google.com/maps/d/edit?mid=1mxdHMBVHAopLi3WwH6vQZHf-t57wnao&usp=sharing,https://www.google.com/maps/d/embed?mid=1mxdHMBVHAopLi3WwH6vQZHf-t57wnao&ehbc=2E312F&noprof=1,https://drive.google.com/file/d/1doRrLnLuNNzFCFHT8ank4dYgwR2HPHh9/view?usp=drive_link,En trámite,En trámite,Planificado,,60,,50,,,30,,,30,170,"$0,00","$12.415.709,40",,"$8.201.700,00",,"$0,00","$6.355.826,40","$0,00","$0,00","$4.827.070,80","$31.800.306,60"
Zona 2 (sur),La Plata,3,35,EX-2025-34979238- -GDEBA-DPTLMIYSPGP,Olivo Zamboano S.A.,Nacientes del Arroyo El Gato,"Desde 44 entre 189 y 190, inicialmente paralelo por 44, luego paralelo por RPN 36 y finalmente por 52, terminando en calle 200; y el tramo paralelo a C. 47 dende RPN36 hasta 197","-34.988313, -58.040274","-35.000346, -58.041414","34°59'17.9""S 58°02'25.0""W","35°00'01.3""S 58°02'29.1""W",2580,Zanja / Zanjón,https://www.google.com/maps/d/edit?mid=1eiYcOwcwVQ-adR-biTpw_nF8qLcjmMI&usp=sharing,https://www.google.com/maps/d/embed?mid=1eiYcOwcwVQ-adR-biTpw_nF8qLcjmMI&ehbc=2E312F&noprof=1,https://drive.google.com/file/d/1W1sHjebi-OCV3JXMQNElO2rKeoK-84lc/view?usp=drive_link,En trámite,En trámite,Planificado,,20,,20,,50,,,,40,130,"$0,00","$4.138.569,80",,"$3.280.680,00",,"$9.142.620,50","$0,00","$0,00","$0,00","$6.436.094,40","$22.997.964,70"
Zona 3,Chacabuco,1,25,EX-2025-23516076- -GDEBA-DPTLMIYSPGP,Olivo Zamboano S.A.,Canal Colector Av. Solis,Desde la descarga Cañada Los Peludos hasta la intersección de la Av. Solis y Montesano,"-34.677128, -60.416239","-34.650089, -60.450792","34°40'37.7""S 60°24'58.5""W","34°39'00.3""S 60°27'02.9""W",4800,Canal sin revestir,https://www.google.com/maps/d/edit?mid=1HPObYCQLDJyS1eiZhgCJcocovnPfApE&usp=sharing,https://www.google.com/maps/d/embed?mid=1HPObYCQLDJyS1eiZhgCJcocovnPfApE&ehbc=2E312F&noprof=1,https://drive.google.com/file/d/1H_QnrE0Pc6cuTc9UOj-0cl1sI3caw9j2/view?usp=drive_link,24/7/2025,19/8/2025,Finalizado,250,,,,,,,,,250,500,"$42.097.137,50","$0,00",,,"$0,00",,,"$0,00","$0,00","$30.540.222,50","$72.637.360,00"
Zona 3,9 de Julio,2,30,EX-2025-27314087- -GDEBA-DPTLMIYSPGP,Olivo Zamboano S.A.,Colector desagües localidad La Niña,Desde la salida de la localidad hacia agua abajo,"-35.402575, -61.198056","-35.391881, -61.155392","35°24'09.3""S 61°11'53.0""W","35°23'30.8""S 61°09'19.4""W",4200,Canal sin revestir,https://www.google.com/maps/d/edit?mid=1lVB4kjSnwK9o2T8sCmK-ZBd_Redzwx4&usp=sharing,https://www.google.com/maps/d/embed?mid=1lVB4kjSnwK9o2T8sCmK-ZBd_Redzwx4&ehbc=2E312F&noprof=1,https://drive.google.com/file/d/1ymaxUYnhEOus8tK1Cl3OQNReENnT9Lf0/view?usp=drive_link,11/9/2025,10/10/2025,Finalizado,50,150,,,40,,,,,40,280,"$8.419.427,50","$24.361.425,00",,,"$4.502.715,20",,,"$0,00","$0,00","$4.886.435,60","$42.170.003,30"
Zona 3,9 de Julio,2,30,EX-2025-27314087- -GDEBA-DPTLMIYSPGP,Olivo Zamboano S.A.,Canal El Gato,Desde Alcantarilla cruce a propiedad Zappa hasta el predio en la Estancia Vista Alegre,"-35.409611, -60.662578","-35.438639, -60.682083","35°24'34.6""S 60°39'45.3""W","35°26'19.1""S 60°40'55.5""W",4450,Canal sin revestir,https://www.google.com/maps/d/edit?mid=1UQ77bgtzun-P71f2ax8s2e3g1tWU9l0&usp=sharing,https://www.google.com/maps/d/embed?mid=1UQ77bgtzun-P71f2ax8s2e3g1tWU9l0&ehbc=2E312F&noprof=1,https://drive.google.com/file/d/1kALUfiHGSrsSQMjsIzIfNwsza1-BcjrZ/view?usp=drive_link,11/9/2025,10/10/2025,Finalizado,50,150,,,40,,,,,40,280,"$8.419.427,50","$24.361.425,00",,,"$4.502.715,20",,,"$0,00","$0,00","$4.886.435,60","$42.170.003,30"
Zona 3,9 de Julio,2,30,EX-2025-27314087- -GDEBA-DPTLMIYSPGP,Olivo Zamboano S.A.,Canal 12 de Octubre - La Sofia,Desde Estación Bacacay hacia aguas arriba,"-35.649667, -61.021161","-35.654956, -61.036081","35°38'58.8""S 61°01'16.2""W","35°39'17.8""S 61°02'09.9""W",1500,Canal sin revestir,https://www.google.com/maps/d/edit?mid=1Hd35EWmhDSGMwDUhZqd2h4XUv5zy_xA&usp=sharing,https://www.google.com/maps/d/embed?mid=1Hd35EWmhDSGMwDUhZqd2h4XUv5zy_xA&ehbc=2E312F&noprof=1,https://drive.google.com/file/d/1F4meEIoAQp5Rm5nfe-0lUElBLCUducG7/view?usp=drive_link,11/9/2025,10/10/2025,Finalizado,,100,,,,,,50,80,,230,"$0,00","$16.240.950,00",,,"$0,00",,,"$8.421.421,00","$11.581.159,20","$0,00","$36.243.530,20"
Zona 3,Chacabuco,3,40,EX-2025-33760678- -GDEBA-DPTLMIYSPGP,Olivo Zamboano S.A.,Canales existentes en inmediaciones de la localidad de Cucha Cucha,a definir,a definir,a definir,a definir,a definir,a definir,Otro,https://www.google.com/maps/d/edit?mid=1qI8-Ru72lHpdPlcijl5a0aujLS8WnB8&usp=sharing,https://www.google.com/maps/d/embed?mid=1qI8-Ru72lHpdPlcijl5a0aujLS8WnB8&ehbc=2E312F&noprof=1,https://drive.google.com/file/d/1fLrBQCwbfjDwwkiheoNb5sVPv4ESzv6y/view?usp=drive_link,10/10/2025,19/11/2025,En ejecución,30,190,,,24,,,10,24,34,312,"$5.051.656,50","$30.857.805,00",,,"$2.701.629,12",,,"$1.684.284,20","$3.474.347,76","$4.153.470,26","$47.923.192,84"
Zona 3,Bragado,3,40,EX-2025-33760678- -GDEBA-DPTLMIYSPGP,Olivo Zamboano S.A.,Canal de descarga Santa Marta,a definir,a definir,a definir,a definir,a definir,a definir,Otro,https://www.google.com/maps/d/edit?mid=198ciLC8mACZPvYzrxsUDDrLYLflo3jw&usp=sharing,https://www.google.com/maps/d/embed?mid=198ciLC8mACZPvYzrxsUDDrLYLflo3jw&ehbc=2E312F&noprof=1,https://drive.google.com/file/d/1MSL-TO_hnHmiUk1NbKTOcD-8Ioxmvp5B/view?usp=drive_link,10/10/2025,19/11/2025,En ejecución,30,190,,,24,,,10,24,34,312,"$5.051.656,50","$30.857.805,00",,,"$2.701.629,12",,,"$1.684.284,20","$3.474.347,76","$4.153.470,26","$47.923.192,84"
Zona 3,9 de Julio,3,40,EX-2025-33760678- -GDEBA-DPTLMIYSPGP,Olivo Zamboano S.A.,Defensa en la localidad La Niña y en la localidad de French,a definir,a definir,a definir,a definir,a definir,a definir,Otro,https://www.google.com/maps/d/edit?mid=1FucvJGKOJV944xJ8focrmy8XizZrnaA&usp=sharing,https://www.google.com/maps/d/embed?mid=1FucvJGKOJV944xJ8focrmy8XizZrnaA&ehbc=2E312F&noprof=1,https://drive.google.com/file/d/1srG04r8J3nyVL05192_ZHEMreixpqxqa/view?usp=drive_link,10/10/2025,19/11/2025,En ejecución,30,190,,,24,,,10,24,34,312,"$5.051.656,50","$30.857.805,00",,,"$2.701.629,12",,,"$1.684.284,20","$3.474.347,76","$4.153.470,26","$47.923.192,84"
Zona 3,General Viamonte,3,40,EX-2025-33760678- -GDEBA-DPTLMIYSPGP,Olivo Zamboano S.A.,Canales existentes en el partido de General Viamonte,a definir,a definir,a definir,a definir,a definir,a definir,Otro,https://www.google.com/maps/d/edit?mid=1KOEe1ivc3AbLpggzYmlVRbk6uQjnW6Q&usp=sharing,https://www.google.com/maps/d/embed?mid=1KOEe1ivc3AbLpggzYmlVRbk6uQjnW6Q&ehbc=2E312F&noprof=1,https://drive.google.com/file/d/1By--wnJ6UtD-CWlVU6DfzSnSuEFkZYng/view?usp=drive_link,10/10/2025,19/11/2025,En ejecución,30,190,,,24,,,10,24,34,312,"$5.051.656,50","$30.857.805,00",,,"$2.701.629,12",,,"$1.684.284,20","$3.474.347,76","$4.153.470,26","$47.923.192,84"
Zona 3,Alberti,3,40,EX-2025-33760678- -GDEBA-DPTLMIYSPGP,Olivo Zamboano S.A.,Canales existentes en desagües rurales,a definir,a definir,a definir,a definir,a definir,a definir,Otro,https://www.google.com/maps/d/edit?mid=14QzmYIOg5IkdFAb-6JhsZS90HDGvMuw&usp=sharing,https://www.google.com/maps/d/embed?mid=14QzmYIOg5IkdFAb-6JhsZS90HDGvMuw&ehbc=2E312F&noprof=1,https://drive.google.com/file/d/1L5K1D6S1dZr5eTN4AiCGMDnmqEl3ynkK/view?usp=drive_link,10/10/2025,19/11/2025,En ejecución,30,190,,,24,,,10,24,34,312,"$5.051.656,50","$30.857.805,00",,,"$2.701.629,12",,,"$1.684.284,20","$3.474.347,76","$4.153.470,26","$47.923.192,84"
Zona 4,Tapalqué,1,25,EX-2025-23520817- -GDEBA-DPTLMIYSPGP,Marcalba S.A.,Canal de defensa intermedia de la Planta Urbana,Desde el Arroyo Tapalque y Avda Circunvalacion hasta Circunv. P. Ramos y Ruta 51,"-36.371931, -60.031469","-36.362017, -60.007767","36°22'19.0""S 60°01'53.3""W","36°21'43.3""S 60°00'28.0""W",3750,Otro,https://www.google.com/maps/d/edit?mid=1dWk_KV2JkiSve2_dJNO9BbjUq-CpAfw&usp=sharing,https://www.google.com/maps/d/embed?mid=1dWk_KV2JkiSve2_dJNO9BbjUq-CpAfw&ehbc=2E312F&noprof=1,https://drive.google.com/file/d/1WIARBQSwR82senGuRsD0BYiCuwUYLP6A/view?usp=drive_link,31/7/2025,25/8/2025,Finalizado,,360,,,,,,100,,100,560,"$0,00","$58.421.347,20",,"$0,00","$0,00",,,"$19.515.165,00","$0,00","$18.259.317,00","$96.195.829,20"
Zona 4,Saladillo,2,50,EX-2025-27314067- -GDEBA-DPTLMIYSPGP,Marcalba S.A.,Canal Roight,"Desde la calle Roight y Ledesma, hasta la bifurcación del canal","-35.630686, -59.752403","-35.623214, -59.712122","35°37'50.47""S 59°45'8.65""W","35°37'23.57""S 59°42'43.64""W",5150,Canal sin revestir,https://www.google.com/maps/d/edit?mid=1L08prWnU_diqbneBouXj7I2pb91KJY4&usp=sharing,https://www.google.com/maps/d/embed?mid=1L08prWnU_diqbneBouXj7I2pb91KJY4&ehbc=2E312F&noprof=1,https://drive.google.com/file/d/1Kfq19dvHwhu6tYCQ55-SsAVCAk4HxoM1/view?usp=drive_link,23/9/2025,11/11/2025,Finalizado,,200,,20,,,,,,20,240,"$0,00","$32.456.304,00",,"$2.557.967,20","$0,00",,,"$0,00","$0,00","$3.651.863,40","$38.666.134,60"
Zona 4,Roque Pérez,2,50,EX-2025-27314067- -GDEBA-DPTLMIYSPGP,Marcalba S.A.,Canal en inmediaciones del casco urbano de Roque Pérez - etapa 1,Desde su progresiva 0 en el Río Salado hasta su progresiva 8000,"-35.492014, -59.483863","-35.449615, -59.410617","35°29'31.3""S 59°29'01.9""W","35°26'58.6""S 59°24'38.2""W",8000,Canal sin revestir,https://www.google.com/maps/d/edit?mid=1z8Fh1fAnBb9JJFsAk5sBaMUwg04A748&usp=sharing,https://www.google.com/maps/d/embed?mid=1z8Fh1fAnBb9JJFsAk5sBaMUwg04A748&ehbc=2E312F&noprof=1,https://drive.google.com/file/d/1OiI6YwRpvkHHUSMEcQtURbG6o4bJK50z/view?usp=drive_link,23/9/2025,11/11/2025,Finalizado,,240,,25,,,,,88,25,378,"$0,00","$38.947.564,80",,"$3.197.459,00","$0,00",,,"$0,00","$13.050.923,60","$4.564.829,25","$59.760.776,65"
Zona 4,25 de Mayo,3,45,EX-2025-34982525- -GDEBA-DPTLMIYSPGP,Marcalba S.A.,Canal Santo Unzué,Desde el Cno. Prov. 109 01 / Acceso a Agustin Mosconi hasta el inicio de la parcela con denominación catastral XI1649 G,"-35.806560, -60.664755","-35.788248, -60.724892","35°48'23.6""S 60°39'53.1""W","35°47'17.7""S 60°43'29.6""W",7000,Canal sin revestir,https://www.google.com/maps/d/edit?mid=1jYZD8Tbi5FRXVnj4pN4dPIcqkMR8ekU&usp=sharing,https://www.google.com/maps/d/embed?mid=1jYZD8Tbi5FRXVnj4pN4dPIcqkMR8ekU&ehbc=2E312F&noprof=1,https://drive.google.com/file/d/1_FHFun0eDHk572_IVGMXKU2-gThm2y-v/view?usp=drive_link,En trámite,En trámite,Planificado,80,,,100,100,,,,60,55,395,"$15.023.405,60","$0,00",,"$12.789.836,00","$9.245.923,00",,,"$0,00","$8.898.357,00","$10.042.624,35","$56.000.145,95"
Zona 4,25 de Mayo,3,45,EX-2025-34982525- -GDEBA-DPTLMIYSPGP,Marcalba S.A.,Hidrovia Camino del Valle - Hutel,"Desde el Cno. Prov. 109 01 / Acceso a Del Valle hasta 7000 metrso hacia aguas arriba, Al comienza de la parcela con denominación catastral XII 1653 Z","-35.892397, -60.728167","-35.843560, -60.789742","35°53'32.6""S 60°43'41.4""W","35°50'36.8""S 60°47'23.1""W",7000,Canal sin revestir,https://www.google.com/maps/d/edit?mid=1LqWAi90aDBKe1Xx1YdtDbX9WEF_1tIQ&usp=sharing,https://www.google.com/maps/d/embed?mid=1LqWAi90aDBKe1Xx1YdtDbX9WEF_1tIQ&ehbc=2E312F&noprof=1,https://drive.google.com/file/d/1-JlZoxaN5ErahxiM27mA1-cUmxlJHPQO/view?usp=drive_link,En trámite,En trámite,Planificado,100,,,100,100,,,,80,100,480,"$18.779.257,00","$0,00",,"$12.789.836,00","$9.245.923,00",,,"$0,00","$11.864.476,00","$18.259.317,00","$70.938.809,00"
Zona 4,25 de Mayo,3,45,EX-2025-34982525- -GDEBA-DPTLMIYSPGP,Marcalba S.A.,Hidrovia Camino del Valle - Ruta Provincial N° 65,"Desde su confluencia con la Hidrovia Camino del Valle - Hutel en los límites de la parcela con denominación Catastral XII 1655 C, hacia el partido de 9 de Julio en el inicio de la parcela con denominación catastral XIV 1990 A","-35.843560, -60.789742","-35.777467, -60.827012","35°50'36.8""S 60°47'23.1""W","35°46'38.9""S 60°49'37.2""W",10000,Canal sin revestir,https://www.google.com/maps/d/edit?mid=1PxSZrsW-DK3PqPemCMJXiuZkp5oYViQ&usp=sharing,https://www.google.com/maps/d/embed?mid=1PxSZrsW-DK3PqPemCMJXiuZkp5oYViQ&ehbc=2E312F&noprof=1,https://drive.google.com/file/d/1w825pv5QpQm_ofoeBeU-RpSiQcf03Qk3/view?usp=drive_link,En trámite,En trámite,Planificado,100,,,100,100,,,,80,100,480,"$18.779.257,00","$0,00",,"$12.789.836,00","$9.245.923,00",,,"$0,00","$11.864.476,00","$18.259.317,00","$70.938.809,00"
Zona 5,Olavarría,1,25,EX-2025-23518811- -GDEBA-DPTLMIYSPGP,Gerónimo Rizzo S.A.,Arroyo Tapalqué,Tramo 1: entre Ignacio Rivas y Juán XXIII; tramo 2: entre Merlo y Mitre; tramo 3: entre Irigoyen y Colón,"-36.856750, -60.287861","-36.886500, -60.321111","36°51'24.3""S 60°17'16.3""W","36°53'11.4""S 60°19'16.0""W",4210,Arroyo,https://www.google.com/maps/d/edit?mid=1ScjN1TLt6iTt2V9ZgN3YP4GPc8s_AQo&usp=sharing,https://www.google.com/maps/d/embed?mid=1ScjN1TLt6iTt2V9ZgN3YP4GPc8s_AQo&ehbc=2E312F&noprof=1,https://drive.google.com/file/d/1iRuZhIJtdhCkkm5No_F7maYs_j_BdHjR/view?usp=drive_link,31/7/2025,25/8/2025,Finalizado,,157,275,,,,,,,80,512,"$0,00","$23.236.000,00","$40.700.000,00","$0,00",,,,"$0,00","$0,00","$8.320.000,00","$72.256.000,00"
Zona 5,Laprida,1,25,EX-2025-23518811- -GDEBA-DPTLMIYSPGP,Gerónimo Rizzo S.A.,Desagües pluviales de la localidad de San Jorge,Curso de agua desde el pueblo hacia un cañadón natural que desemboca en el Arroyo Quilcó,"-37.215389, -60.945639","-37.231972, -60.958250","37°12'55.4""S 60°56'44.3""W","37°13'55.1""S 60°57'29.7""W",2600,Canal sin revestir,https://www.google.com/maps/d/edit?mid=1nh_0sxjgXgLZ_zt4mIdJPXLZc3Cft34&usp=sharing,https://www.google.com/maps/d/embed?mid=1nh_0sxjgXgLZ_zt4mIdJPXLZc3Cft34&ehbc=2E312F&noprof=1,https://drive.google.com/file/d/1rcYQwTFk6t7cJGEbtk5odXtGFFP1rCYZ/view?usp=drive_link,31/7/2025,25/8/2025,Finalizado,,57,,33,,,,,43,,133,"$0,00","$8.436.000,00","$0,00","$3.894.000,00",,,,"$0,00","$7.000.400,00","$0,00","$19.330.400,00"
Zona 5,Balcarce,2,40,EX-2025-27314034- -GDEBA-DPTLMIYSPGP,Gerónimo Rizzo S.A.,Canal prolongación de calle 112,Desde el arroyo Pantanoso y calle 107 hasta calle 112 y 9,"-37.821639, -58.264139","-37.831306, -58.266944","37°49'17.9""S 58°15'50.9""W","37°49'52.7""S 58°16'01.0""W",1530,Canal sin revestir,https://www.google.com/maps/d/edit?mid=1YsCyj8TRbhLvoADVCzlH4WUIcezT8x0&usp=sharing,https://www.google.com/maps/d/embed?mid=1YsCyj8TRbhLvoADVCzlH4WUIcezT8x0&ehbc=2E312F&noprof=1,https://drive.google.com/file/d/1qU1j7QypiYOiGwyQvjVbRFMhTn2z4uQ3/view?usp=drive_link,23/9/2025,31/10/2025,Finalizado,,375,,70,,,,,50,30,525,"$0,00","$55.500.000,00","$0,00","$8.260.000,00",,,,"$0,00","$8.140.000,00","$3.120.000,00","$75.020.000,00"
Zona 5,Tandil,2,40,EX-2025-27314034- -GDEBA-DPTLMIYSPGP,Gerónimo Rizzo S.A.,Canal de parque industrial,Desde su entubamiento en calle base aerea hasta la RPN30,"-37.294722, -59.192139","-37.299111, -59.185361","37°17'41.0""S 59°11'31.7""W","37°17'56.8""S 59°11'07.3""W",910,Canal sin revestir,https://www.google.com/maps/d/edit?mid=11ZKjHgJLw2-bwISA9o24riBtvoH1mD8&usp=sharing,https://www.google.com/maps/d/embed?mid=11ZKjHgJLw2-bwISA9o24riBtvoH1mD8&ehbc=2E312F&noprof=1,https://drive.google.com/file/d/13kfaHIrzR1Y3FZ6X1VwOhjjGaPC3tcn8/view?usp=drive_link,23/9/2025,31/10/2025,Finalizado,,85,,25,,,,,20,20,150,"$0,00","$12.580.000,00","$0,00","$2.950.000,00",,,,"$0,00","$3.256.000,00","$2.080.000,00","$20.866.000,00"
Zona 5,Tandil,2,40,EX-2025-27314034- -GDEBA-DPTLMIYSPGP,Gerónimo Rizzo S.A.,Canal ingreso al arroyo La Cascada,Desde su desembocadura en el Arroyo la Casacada hasta Av. Don Bosco,"-37.354028, -59.124667","-37.356022, -59.127140","37°21'14.5""S 59°07'28.8""W","37°22'01.4""S 59°06'47.8""W",300,Canal sin revestir,https://www.google.com/maps/d/edit?mid=10NeYkKoBhrv3yXLVV0F7181OuV-1WEw&usp=sharing,https://www.google.com/maps/d/embed?mid=10NeYkKoBhrv3yXLVV0F7181OuV-1WEw&ehbc=2E312F&noprof=1,https://drive.google.com/file/d/1_L-Wh5EFiN_SOUCzdblcqg6iTK_szCh8/view?usp=drive_link,23/9/2025,31/10/2025,Finalizado,,20,75,,,,,,,,95,"$0,00","$2.960.000,00","$11.100.000,00","$0,00",,,,"$0,00","$0,00","$0,00","$14.060.000,00"
Zona 5,Tandil,2,40,EX-2025-27314034- -GDEBA-DPTLMIYSPGP,Gerónimo Rizzo S.A.,Arroyo Langueyú,Desde 200 metros hacia aguas abajo de la Ruta Nacional N° 226 hasta la calle Dinamarca,"-37.296972, -59.130750","-37.299417, -59.130889","37°17'49.1""S 59°07'50.7""W","37°17'57.9""S 59°07'51.2""W",300,Arroyo,https://www.google.com/maps/d/edit?mid=1NMeeHcEYl8d85ky7Jx1z_4iJ3K5nbcc&usp=sharing,https://www.google.com/maps/d/embed?mid=1NMeeHcEYl8d85ky7Jx1z_4iJ3K5nbcc&ehbc=2E312F&noprof=1,https://drive.google.com/file/d/1HZu4CRK8aj1j0Ib0GkpaU6idfye8zfrN/view?usp=drive_link,23/9/2025,31/10/2025,Finalizado,,20,,,,,,,,20,40,"$0,00","$2.960.000,00","$0,00","$0,00",,,,"$0,00","$0,00","$2.080.000,00","$5.040.000,00"
Zona 5,General Pueyrredón,3,60,EX-2025-34982586- -GDEBA-DPTLMIYSPGP,Gerónimo Rizzo S.A.,Arroyo La Tapera,Desde la desembocadura en el Parque Camet hasta Av. M. Gandhi,"-37.942377, -57.538277","-37.943627, -57.557915","37°56'32.6""S 57°32'17.8""W","37°56'37.1""S 57°33'28.5""W",2500,Arroyo,https://www.google.com/maps/d/edit?mid=1HF297m0YRvg0tCOgqzjyvXEFSO49N2s&usp=sharing,https://www.google.com/maps/d/embed?mid=1HF297m0YRvg0tCOgqzjyvXEFSO49N2s&ehbc=2E312F&noprof=1,https://drive.google.com/file/d/1GD-BPkbNbaJ-Q9bXvxdeGS-BfzfmvQaH/view?usp=drive_link,En trámite,En trámite,Planificado,100,61,200,,,,,25,,,386,"$15.400.000,00","$9.028.000,00","$29.600.000,00","$0,00",,,,"$4.366.000,00","$0,00","$0,00","$58.394.000,00"
Zona 5,General Pueyrredón,3,60,EX-2025-34982586- -GDEBA-DPTLMIYSPGP,Gerónimo Rizzo S.A.,Brazo del Arroyo Lobería,Desde su desembocadura en Arroyo Lobería hasta la Av. de los Pescadores,"-38.160722, -57.639455","-38.149766, -57.636337","38°09'38.6""S 57°38'22.0""W","38°08'59.2""S 57°38'10.8""W",1240,Arroyo,https://www.google.com/maps/d/edit?mid=1ospBsGnQylTqORkFpa8E1V_uRv9tgz0&usp=sharing,https://www.google.com/maps/d/embed?mid=1ospBsGnQylTqORkFpa8E1V_uRv9tgz0&ehbc=2E312F&noprof=1,https://drive.google.com/file/d/1NC1zKINObQkyTjAThN9h9UIe5k7wPZfw/view?usp=drive_link,En trámite,En trámite,Planificado,50,165,,25,,,,50,,,290,"$7.700.000,00","$24.420.000,00","$0,00","$2.950.000,00",,,,"$8.732.000,00","$0,00","$0,00","$43.802.000,00"
Zona 5,Azul,3,60,EX-2025-34982586- -GDEBA-DPTLMIYSPGP,Gerónimo Rizzo S.A.,a definir,a definir,a definir,a definir,a definir,a definir,a definir,Otro,https://www.google.com/maps/d/edit?mid=1BvzsjH6dr4ji76ZhvuOpjHtt81I--io&usp=sharing,https://www.google.com/maps/d/embed?mid=1BvzsjH6dr4ji76ZhvuOpjHtt81I--io&ehbc=2E312F&noprof=1,https://drive.google.com/file/d/1pDeeN2KZeX3Yq2hhcy8wM0cQh6d22P_h/view?usp=drive_link,En trámite,En trámite,En análisis,,35,350,35,,,,,,,420,"$0,00","$5.180.000,00","$51.800.000,00","$4.130.000,00",,,,"$0,00","$0,00","$0,00","$61.110.000,00"
Zona 6,General Lamadrid,1,20,EX-2025-23233503- -GDEBA-DPTLMIYSPGP,Lurovial S.R.L.,Canal de Guarda - Margen Norte,Margen norte desde su desembocadura en el Arroyo hasta el Acceso a Pontaut Camino Secundario 040-01,"-37.746664, -61.315106","-37.738636, -61.325100","37°44'48.0""S 61°18'54.4""W","37°44'19.1""S 61°19'30.4""W",1250,Canal sin revestir,https://www.google.com/maps/d/edit?mid=1SpCZi9bjxYAiuzFWVdTXBeQjPn5ruz0&usp=sharing,https://www.google.com/maps/d/embed?mid=1PMMS8YmZSTRcFoR90ipsjkZq29tjIwI&ehbc=2E312F&noprof=1,https://drive.google.com/file/d/13KrH0TrL4mnp_EHBL3oX0bp53RvjGTUb/view?usp=drive_link,2/8/2025,22/8/2025,Finalizado,100,,,60,,,,,,,160,"$26.134.700,00","$0,00",,"$11.065.020,00","$0,00",,,"$0,00","$0,00","$0,00","$37.199.720,00"
Zona 6,General Lamadrid,1,20,EX-2025-23233503- -GDEBA-DPTLMIYSPGP,Lurovial S.R.L.,Canal de Guarda - Margen Sur,Margen sur desde su desembocadur aen el Arroyo hasta el Acceso a Pontaut Camino Secundario 040-01,"-37.746758, -61.315289","-37.738817, -61.325175","37°44'48.3""S 61°18'55.0""W","37°44'19.7""S 61°19'30.6""W",1250,Canal sin revestir,https://www.google.com/maps/d/edit?mid=1VSdVXlBlTwvCAGB_5EvPnGkT41Oaqqg&usp=sharing,https://www.google.com/maps/d/embed?mid=1PMMS8YmZSTRcFoR90ipsjkZq29tjIwI&ehbc=2E312F&noprof=1,https://drive.google.com/file/d/18x9XZOcpcFYGRdDHz3bPbRzPIDL8jazr/view?usp=drive_link,2/8/2025,22/8/2025,Finalizado,100,,,60,,,,,,,160,"$26.134.700,00","$0,00",,"$11.065.020,00","$0,00",,,"$0,00","$0,00","$0,00","$37.199.720,00"
Zona 6,General Lamadrid,1,20,EX-2025-23233503- -GDEBA-DPTLMIYSPGP,Lurovial S.R.L.,Canal de Guarda Noroeste,Desde el préstamo del Ferrocarril General Roca hasta Calle Vecinal,"-37.719022, -61.322294","-37.731364, -61.334433","37°43'08.5""S 61°19'20.3""W","37°43'52.9""S 61°20'04.0""W",1800,Canal sin revestir,https://www.google.com/maps/d/edit?mid=19JyOCgklXO2dLytzCxqNXheQdTwSG_Y&usp=sharing,https://www.google.com/maps/d/embed?mid=19JyOCgklXO2dLytzCxqNXheQdTwSG_Y&ehbc=2E312F&noprof=1,https://drive.google.com/file/d/1d8qlPk206LGVVX4wiCDv2cgL_I-zZYvz/view?usp=drive_link,2/8/2025,22/8/2025,Finalizado,,100,,,20,,,,,,120,"$0,00","$20.192.200,00",,"$0,00","$3.943.760,00",,,"$0,00","$0,00","$0,00","$24.135.960,00"
Zona 6,Coronel Pringles,2,40,EX-2025-27313996- -GDEBA-DPTLMIYSPGP,Lurovial S.R.L.,Arroyo Pillahuinco Grande,Desde la Ruta Provincial N° 51 hasta Acceso calle 36,"-37.991908, -61.328286","-38.001825, -61.359706","37°59'30.9""S 61°19'41.8""W","38°00'06.6""S 61°21'34.9""W",3800,Arroyo,https://www.google.com/maps/d/edit?mid=1eVggdTB5UMnhzusAGzocZe_m3nQoIEE&usp=sharing,https://www.google.com/maps/d/embed?mid=1eVggdTB5UMnhzusAGzocZe_m3nQoIEE&ehbc=2E312F&noprof=1,https://drive.google.com/file/d/1RKuZWKhE5UyAkmhh77onmJd2IxTF6wO6/view?usp=drive_link,11/9/2025,20/10/2025,Finalizado,90,240,,50,,,,50,,50,480,"$23.521.230,00","$48.461.280,00",,"$9.220.850,00","$0,00",,,"$10.987.000,00","$0,00","$8.563.400,00","$100.753.760,00"
Zona 6,Coronel Pringles,3,40,EX-2025-34984387- -GDEBA-DPTLMIYSPGP,Lurovial S.R.L.,a definir,a definir,a definir,a definir,a definir,a definir,a definir,Otro,https://www.google.com/maps/d/edit?mid=1cm_GxMKZYTmBDlQoqmO2iNIiPZ1_Sqc&usp=sharing,https://www.google.com/maps/d/embed?mid=1cm_GxMKZYTmBDlQoqmO2iNIiPZ1_Sqc&ehbc=2E312F&noprof=1,https://drive.google.com/file/d/1skWw4CXD4zehJvOalPp5bJLhVZ0Omgdk/view?usp=drive_link,24/10/2025,3/12/2025,En ejecución,,150,,45,,,,,70,30,295,"$0,00","$30.288.300,00",,"$8.298.765,00","$0,00",,,"$0,00","$16.296.140,00","$5.138.040,00","$60.021.245,00"
Zona 6,Saavedra,3,40,EX-2025-34984387- -GDEBA-DPTLMIYSPGP,Lurovial S.R.L.,a definir,a definir,a definir,a definir,a definir,a definir,a definir,Otro,https://www.google.com/maps/d/edit?mid=17qMxlv_r7l4c5jsLX0hnNJVp35q_c5s&usp=sharing,https://www.google.com/maps/d/embed?mid=17qMxlv_r7l4c5jsLX0hnNJVp35q_c5s&ehbc=2E312F&noprof=1,https://drive.google.com/file/d/1mpw0OVT7MSCmTf0-SovFilQLDu_p5Uku/view?usp=drive_link,24/10/2025,3/12/2025,En ejecución,,250,,,,,,30,,45,325,"$0,00","$50.480.500,00",,"$0,00","$0,00",,,"$6.592.200,00","$0,00","$7.707.060,00","$64.779.760,00"
Zona 7,Rivadavia,1,30,EX-2025-23520691- -GDEBA-DPTLMIYSPGP,Marcalba S.A.,Canal Los Áromos,Paralelo a calle De los Áramos desde Acceso Lito Rodriguez Nte. 730 metros hacia el sur,"-35.495556, -62.994167","-35.490000, -62.997722","35°29'44.0""S 62°59'39.0""W","35°29'24.0""S 62°59'51.8""W",730,Zanja / Zanjón,https://www.google.com/maps/d/edit?mid=1i-dlOgV_tCsldh5cOimXUxrIboYAsXc&usp=sharing,https://www.google.com/maps/d/embed?mid=1i-dlOgV_tCsldh5cOimXUxrIboYAsXc&ehbc=2E312F&noprof=1,https://drive.google.com/file/d/13NnHczcCvv1EDeyDr2tI1eGEKSHs0vCl/view?usp=drive_link,5/8/2025,5/9/2025,Finalizado,,40,,,,,,,,,40,"$0,00","$6.306.328,80",,,"$0,00",,,"$0,00","$0,00","$0,00","$6.306.328,80"
Zona 7,Rivadavia,1,30,EX-2025-23520691- -GDEBA-DPTLMIYSPGP,Marcalba S.A.,Canal J. D. Perón - J. Gemesio,Desde J. D. Perón y P° del Inmigrantes hasta  J. Gemesio y N. F. Tiscornia,"-35.483194, -62.964944","-35.483056, -62.980250","35°28'59.5""S 62°57'53.8""W","35°28'59.0""S 62°58'48.9""W",1740,Zanja / Zanjón,https://www.google.com/maps/d/edit?mid=1jf2xOcapT4qJca20JKWvc685v71KYhs&usp=sharing,https://www.google.com/maps/d/embed?mid=1jf2xOcapT4qJca20JKWvc685v71KYhs&ehbc=2E312F&noprof=1,https://drive.google.com/file/d/1KgzG32l_a-bjVCy-nPIj89JHcrVwDg5f/view?usp=drive_link,5/8/2025,5/9/2025,Finalizado,,195,,,50,,,,,65,310,"$0,00","$30.743.352,90",,,"$4.622.961,50",,,"$0,00","$0,00","$11.868.556,05","$47.234.870,45"
Zona 7,Rivadavia,1,30,EX-2025-23520691- -GDEBA-DPTLMIYSPGP,Marcalba S.A.,Canal J. D. Perón - Italia,Desde su desembocadura en el canal principal paraleloa a J. D. Perón hasta Italia y H. Nieto,"-35.493056, -62.953056","-35.490000, -62.961667","35°29'35.0""S 62°57'11.0""W","35°29'24.0""S 62°57'42.0""W",970,Zanja / Zanjón,https://www.google.com/maps/d/edit?mid=1f2-NeU4O6K891yVc5qpFhjbnrm2a7Lg&usp=sharing,https://www.google.com/maps/d/embed?mid=1f2-NeU4O6K891yVc5qpFhjbnrm2a7Lg&ehbc=2E312F&noprof=1,https://drive.google.com/file/d/1SgwtgBwDC0bMMY9JHS5inf0mOSeiczhR/view?usp=drive_link,5/8/2025,5/9/2025,Finalizado,,52,,,,,,,,,52,"$0,00","$8.198.227,44",,,"$0,00",,,"$0,00","$0,00","$0,00","$8.198.227,44"
Zona 7,Florentino Ameghino,1,30,EX-2025-23520691- -GDEBA-DPTLMIYSPGP,Marcalba S.A.,Canal de Desagües,Desde el antiguo camino a la Localidad de Blaquier (de tierra) hasta las vías del ferrocarril D.F. Sarmiento,"-34.808333, -62.484444","-34.852936, -62.479986","34°48'30.0""S 62°29'04.0""W","34°51'10.6""S 62°28'48.0""W",5200,Canal sin revestir,https://www.google.com/maps/d/edit?mid=1DwHf5SCEwn-TU2ooXHfZsnMTKSB-nU0&usp=sharing,https://www.google.com/maps/d/embed?mid=1DwHf5SCEwn-TU2ooXHfZsnMTKSB-nU0&ehbc=2E312F&noprof=1,https://drive.google.com/file/d/1w5nQkwPAwrhzBcgrWvbATA6O1EcbvIM9/view?usp=drive_link,5/8/2025,5/9/2025,Finalizado,221,,,,,,,,,,221,"$41.502.157,97","$0,00",,,"$0,00",,,"$0,00","$0,00","$0,00","$41.502.157,97"
Zona 7,Carlos Casares,2,45,EX-2025-27314051- -GDEBA-DPTLMIYSPGP,Marcalba S.A.,Canal en zona Sur,Desde Km. 306 hasta Km 314,"-35.618250, -61.285111","-35.642852, -61.366684","35°37'05.7""S 61°17'06.4""W","35°38'48.3""S 61°22'34.6""W",8000,Canal sin revestir,https://www.google.com/maps/d/edit?mid=1wOPF-0q-5DF0iWEwSbYlXjWk-bzh5-0&usp=sharing,https://www.google.com/maps/d/embed?mid=1wOPF-0q-5DF0iWEwSbYlXjWk-bzh5-0&ehbc=2E312F&noprof=1,https://drive.google.com/file/d/1Y-kOVUk885w0gOG-zeP_r7RfxgUmqNc5/view?usp=drive_link,23/9/2025,6/11/2025,Finalizado,300,,,,,,,,,,300,"$56.337.771,00","$0,00",,,"$0,00",,,"$0,00","$0,00","$0,00","$56.337.771,00"
Zona 7,Pellegrini,2,45,EX-2025-27314051- -GDEBA-DPTLMIYSPGP,Marcalba S.A.,Desagües Pluviales,En cercanías de la Localidad de Bocayuba (al oeste) hasta 460 mts. de última calle del Casco Urbano,"-36.212222, -63.083611","-36.260303, -63.146019","36°12'44.0""S 63°05'01.0""W","36°15'37.1""S 63°08'45.7""W",7770,Canal sin revestir,https://www.google.com/maps/d/edit?mid=14x2osyfW13rXo8P03u0ob7uiMkSp-cs&usp=sharing,https://www.google.com/maps/d/embed?mid=14x2osyfW13rXo8P03u0ob7uiMkSp-cs&ehbc=2E312F&noprof=1,https://drive.google.com/file/d/1QDHnTCxhhVgRJ3lYO1LpRr0jAKrnj2t3/view?usp=drive_link,23/9/2025,6/11/2025,Finalizado,,438,,,,,,,,,438,"$0,00","$69.054.300,36",,,"$0,00",,,"$0,00","$0,00","$0,00","$69.054.300,36"
Zona 7,Daireaux,2,45,EX-2025-27314051- -GDEBA-DPTLMIYSPGP,Marcalba S.A.,Canal de Desagüe Pluvial de zona norte,Desde la intersección con el Canal de Desagües de la Planta Urbana hasta el Acceso Jorge Omar Carlé,"-36.589369, -61.726292","-36.591381, -61.759436","36°35'21.7""S 61°43'34.7""W","36°35'29.0""S 61°45'34.0""W",4685,Canal sin revestir,https://www.google.com/maps/d/edit?mid=181to6dyVSbIYFf0cVK_nCfDqyXx4Et0&usp=sharing,https://www.google.com/maps/d/embed?mid=181to6dyVSbIYFf0cVK_nCfDqyXx4Et0&ehbc=2E312F&noprof=1,https://drive.google.com/file/d/17z3sr9K8DmcgCNUIdkKbOcA_xjuT2KgY/view?usp=drive_link,23/9/2025,6/11/2025,Finalizado,,,,,,,,100,,,100,"$0,00","$0,00",,,"$0,00",,,"$19.515.165,00","$0,00","$0,00","$19.515.165,00"
Zona 7,Pehuajó,3,45,EX-2025-33795159- -GDEBA-DPTLMIYSPGP,Marcalba S.A.,a definir,a definir,a definir,a definir,a definir,a definir,a definir,Otro,https://www.google.com/maps/d/edit?mid=194bx889pjR-9m52lhTf8EHBWj47UcDM&usp=sharing,https://www.google.com/maps/d/embed?mid=194bx889pjR-9m52lhTf8EHBWj47UcDM&ehbc=2E312F&noprof=1,https://drive.google.com/file/d/1uq3SiMRqFy2Bu5ZwnW_ysovcU-2462GT/view?usp=drive_link,22/10/2025,6/12/2025,En ejecución,56,135,,,,,,20,40,67,318,"$10.516.383,92","$21.283.859,70",,,"$0,00",,,"$3.903.033,00","$5.932.238,00","$12.233.742,39","$53.869.257,01"
Zona 7,Rivadavia,3,45,EX-2025-33795159- -GDEBA-DPTLMIYSPGP,Marcalba S.A.,a definir,a definir,a definir,a definir,a definir,a definir,a definir,Otro,https://www.google.com/maps/d/edit?mid=17oC7iPYyyduWcvoXpEC5LWPyj6kN36A&usp=sharing,https://www.google.com/maps/d/embed?mid=17oC7iPYyyduWcvoXpEC5LWPyj6kN36A&ehbc=2E312F&noprof=1,https://drive.google.com/file/d/1uz507SCCF_dV_85Yenvy7TKaD1MUF7Gn/view?usp=drive_link,22/10/2025,6/12/2025,En ejecución,56,135,,,,,,20,40,67,318,"$10.516.383,92","$21.283.859,70",,,"$0,00",,,"$3.903.033,00","$5.932.238,00","$12.233.742,39","$53.869.257,01"
Zona 7,Florentino Ameghino,3,45,EX-2025-33795159- -GDEBA-DPTLMIYSPGP,Marcalba S.A.,a definir,a definir,a definir,a definir,a definir,a definir,a definir,Otro,https://www.google.com/maps/d/edit?mid=1Y0gC8CiihPdp5dfs90TNo5L2pnCiioA&usp=sharing,https://www.google.com/maps/d/embed?mid=1Y0gC8CiihPdp5dfs90TNo5L2pnCiioA&ehbc=2E312F&noprof=1,https://drive.google.com/file/d/1w5nQkwPAwrhzBcgrWvbATA6O1EcbvIM9/view?usp=drive_link,22/10/2025,6/12/2025,En ejecución,56,135,,,,,,20,40,67,318,"$10.516.383,92","$21.283.859,70",,,"$0,00",,,"$3.903.033,00","$5.932.238,00","$12.233.742,39","$53.869.257,01"
Zona 7,Hipólito Yrigoyen,3,45,EX-2025-33795159- -GDEBA-DPTLMIYSPGP,Marcalba S.A.,a definir,a definir,a definir,a definir,a definir,a definir,a definir,Otro,https://www.google.com/maps/d/edit?mid=1aAbhvsrodcIgHT37Eq14c4bA0SmkkaE&usp=sharing,https://www.google.com/maps/d/embed?mid=1aAbhvsrodcIgHT37Eq14c4bA0SmkkaE&ehbc=2E312F&noprof=1,https://drive.google.com/file/d/12sQV9eBUSOnLthPy7ViLJfFmFI9P56sO/view?usp=drive_link,22/10/2025,6/12/2025,En ejecución,56,135,,,,,,20,40,67,318,"$10.516.383,92","$21.283.859,70",,,"$0,00",,,"$3.903.033,00","$5.932.238,00","$12.233.742,39","$53.869.257,01"
Zona 7,Daireaux,3,45,EX-2025-33795159- -GDEBA-DPTLMIYSPGP,Marcalba S.A.,a definir,a definir,a definir,a definir,a definir,a definir,a definir,Otro,https://www.google.com/maps/d/edit?mid=1nl_2aM44FmHJj6Ga9zWEr5qfFX3qvVg&usp=sharing,https://www.google.com/maps/d/embed?mid=1nl_2aM44FmHJj6Ga9zWEr5qfFX3qvVg&ehbc=2E312F&noprof=1,https://drive.google.com/file/d/1uWFPCp8eP9rxV-R0pq8-06uOKRVGy4Om/view?usp=drive_link,22/10/2025,6/12/2025,En ejecución,55,135,,,,,,20,40,67,317,"$10.328.591,35","$21.283.859,70",,,"$0,00",,,"$3.903.033,00","$5.932.238,00","$12.233.742,39","$53.681.464,44"
Zona 8,General Guido,1,30,EX-2025-23518761- -GDEBA-DPTLMIYSPGP,Gerónimo Rizzo S.A.,Canal de derivación - tramo este,Desde el canal 1 hasta desembocadura en laguna (este),"-36.535694, -57.855083","-36.545389, -57.851722","36°32'08.5""S 57°51'18.3""W","36°32'43.4""S 57°51'06.2""W",1080,Canal sin revestir,https://www.google.com/maps/d/edit?mid=1y_GK6Y2xJP4FK1aSEkEesIR0yGynSUo&usp=sharing,https://www.google.com/maps/d/embed?mid=1y_GK6Y2xJP4FK1aSEkEesIR0yGynSUo&ehbc=2E312F&noprof=1,https://drive.google.com/file/d/1-hzpZqe9Em6iwKC6NAYMZWuHFmnzcO0Y/view?usp=drive_link,24/7/2025,24/8/2025,Finalizado,,80,,25,,,,,,16,121,"$0,00","$11.840.000,00",,"$2.950.000,00","$0,00","$0,00","$0,00","$0,00","$0,00","$1.872.000,00","$16.662.000,00"
Zona 8,General Guido,1,30,EX-2025-23518761- -GDEBA-DPTLMIYSPGP,Gerónimo Rizzo S.A.,Canal de derivación - tramo oeste,Desde su confluencia con el canal derivador (este) hasta su desembocadura en la laguna (oeste),"-36.536889, -57.854778","-36.546417, -57.866278","36°32'12.8""S 57°51'17.2""W","36°32'47.1""S 57°51'58.6""W",1540,Canal sin revestir,https://www.google.com/maps/d/edit?mid=1cs1CHNjd8uuGeDtwF2begQOfvJTOGkc&usp=sharing,https://www.google.com/maps/d/embed?mid=1cs1CHNjd8uuGeDtwF2begQOfvJTOGkc&ehbc=2E312F&noprof=1,https://drive.google.com/file/d/1g8ZHN07n8H8dcS1QTozZUtM179t8eFrW/view?usp=drive_link,24/7/2025,24/8/2025,Finalizado,,100,,35,,,,,,22,157,"$0,00","$14.800.000,00",,"$4.130.000,00","$0,00","$0,00","$0,00","$0,00","$0,00","$2.574.000,00","$21.504.000,00"
Zona 8,Castelli,1,30,EX-2025-23518761- -GDEBA-DPTLMIYSPGP,Gerónimo Rizzo S.A.,Canal Pluvial - etapa 1,Desde Autovía 2 hasta alambrado límite con predio identificado catastralmente como Circ: 10 Parcela: 65A,"-36.137797, -57.785390","-36.139900, -57.790162","36°08'16.1""S 57°47'07.4""W","36°08'23.6""S 57°47'24.6""W",480,Canal sin revestir,https://www.google.com/maps/d/edit?mid=1onzT9f7-D5jdZZNha6XtQk_kyLRyDUw&usp=sharing,https://www.google.com/maps/d/embed?mid=1onzT9f7-D5jdZZNha6XtQk_kyLRyDUw&ehbc=2E312F&noprof=1,https://drive.google.com/file/d/1untJW-eGwojRSwHdkmvzHxBBV5TXC34c/view?usp=drive_link,24/7/2025,24/8/2025,Finalizado,,50,,10,,,,,,7,67,"$0,00","$7.400.000,00",,"$1.180.000,00","$0,00","$0,00","$0,00","$0,00","$0,00","$819.000,00","$9.399.000,00"
Zona 8,Dolores,1,30,EX-2025-23518761- -GDEBA-DPTLMIYSPGP,Gerónimo Rizzo S.A.,Canal A - etapa 1,Desde Hm 387 (puente Ruta Provincial N°63) hasta Hm 410,"-36.310351, -57.610326","-36.322828, -57.631996","36°18'37.3""S 57°36'37.2""W","36°19'22.2""S 57°37'55.2""W",2300,Canal sin revestir,https://www.google.com/maps/d/edit?mid=1Tf7XCSwdtisT-2Iax8_4eATXo2yq4-k&usp=sharing,https://www.google.com/maps/d/embed?mid=1Tf7XCSwdtisT-2Iax8_4eATXo2yq4-k&ehbc=2E312F&noprof=1,https://drive.google.com/file/d/1_cR35o5-DL0Hw8RNDyot0I_UCpaAZaSb/view?usp=drive_link,24/7/2025,24/8/2025,Finalizado,,170,,50,,,,,,35,255,"$0,00","$25.160.000,00",,"$5.900.000,00","$0,00","$0,00","$0,00","$0,00","$0,00","$4.095.000,00","$35.155.000,00"
Zona 8,Tordillo,2,35,EX-2025-27314015- -GDEBA-DPTLMIYSPGP,Gerónimo Rizzo S.A.,Canal C,Ubicado en el margen izquierdo del Canal 1 desde Hm 277.5 del Canal 1 hasta Hm 313 Canal 1,"-36.461453, -57.312536","-36.470578, -57.349592","36°27'41.2""S 57°18'45.1""W","36°28'14.1""S 57°20'58.5""W",3572,Canal sin revestir,https://www.google.com/maps/d/edit?mid=1IrfuPnnYLCl2-IVrrQMJoC-87cf5FyY&usp=sharing,https://www.google.com/maps/d/embed?mid=1IrfuPnnYLCl2-IVrrQMJoC-87cf5FyY&ehbc=2E312F&noprof=1,https://drive.google.com/file/d/1YSVgpr20_01-wTI_ivSKrBueK6B8lvOT/view?usp=drive_link,13/9/2025,16/10/2025,Finalizado,300,,,,60,,,,,,360,"$46.200.000,00","$0,00",,"$0,00","$6.162.000,00","$0,00","$0,00","$0,00","$0,00","$0,00","$52.362.000,00"
Zona 8,Castelli,2,35,EX-2025-27314015- -GDEBA-DPTLMIYSPGP,Gerónimo Rizzo S.A.,Canal Pluvial - etapa 2,Desde alambrado límite con predio Circunscripción: 10 Parcela: 65A (Hm 2128) hasta Hm 2388,"-36.139903, -57.790181","-36.153181, -57.813561","36°08'23.7""S 57°47'24.7""W","36°09'11.5""S 57°48'48.8""W",2600,Canal sin revestir,https://www.google.com/maps/d/edit?mid=1sr4j1aUdETtX61O5cEWuo-1Ca0_Y7qY&usp=sharing,https://www.google.com/maps/d/embed?mid=1sr4j1aUdETtX61O5cEWuo-1Ca0_Y7qY&ehbc=2E312F&noprof=1,https://drive.google.com/file/d/1ozmGxN4ATv317d2oLiIkAcGLJi8U4Sm0/view?usp=drive_link,13/9/2025,16/10/2025,Finalizado,,200,,,,,,40,,,240,"$0,00","$29.600.000,00",,"$0,00","$0,00","$0,00","$0,00","$6.985.600,00","$0,00","$0,00","$36.585.600,00"
Zona 8,Dolores,2,35,EX-2025-27314015- -GDEBA-DPTLMIYSPGP,Gerónimo Rizzo S.A.,Canal A - etapa 2,Desde Hm 410 hasta Hm 44262 (Puente C. Lara),"-36.322831, -57.632028","-36.338883, -57.659744","36°19'22.2""S 57°37'55.3""W","36°20'20.0""S 57°39'35.1""W",3127,Canal sin revestir,https://www.google.com/maps/d/edit?mid=1jBfC5yKOLKJcT2iEDWPyiZbEoQK8B_o&usp=sharing,https://www.google.com/maps/d/embed?mid=1jBfC5yKOLKJcT2iEDWPyiZbEoQK8B_o&ehbc=2E312F&noprof=1,https://drive.google.com/file/d/1dmiYA5IMD1Et8FXWyB6XW9KaeNFygksE/view?usp=drive_link,13/9/2025,16/10/2025,Finalizado,,100,,,,,,40,,,140,"$0,00","$14.800.000,00",,"$0,00","$0,00","$0,00","$0,00","$6.985.600,00","$0,00","$0,00","$21.785.600,00"
Zona 8,Castelli,3,40,EX-2025-34982952- -GDEBA-DPTLMIYSPGP,Gerónimo Rizzo S.A.,Canal Pluvial - etapa 3,Desde su confluencia con el canal afluente de la Laguna La Rosita hatsa la Ruta Nac. N° 2,"-36.116592, -57.745312","-36.137625, -57.784941","36°06'59.7""S 57°44'43.1""W","36°08'15.5""S 57°47'05.8""W",4519,Canal sin revestir,https://www.google.com/maps/d/edit?mid=1bAe9RLpp0jcajYyIcM9-Snb1mCTTTuA&usp=sharing,https://www.google.com/maps/d/embed?mid=1bAe9RLpp0jcajYyIcM9-Snb1mCTTTuA&ehbc=2E312F&noprof=1,https://drive.google.com/file/d/1GKu8Od7gFJ4ZugM1J-RzMz3uZcRspJQb/view?usp=drive_link,7/10/2025,16/11/2025,Finalizado,,150,,,,,150,,,30,330,"$0,00","$22.200.000,00",,"$0,00","$0,00","$0,00","$24.600.000,00","$0,00","$0,00","$3.510.000,00","$50.310.000,00"
Zona 8,Dolores,3,40,EX-2025-34982952- -GDEBA-DPTLMIYSPGP,Gerónimo Rizzo S.A.,Canal 10,Desde el puente y conformación del Arroyo Las Víboras hasta la desembocadura del afluente en el canal 10,"-36.180029, -57.471627","-36.164106, -57.493728","36°10'48.1""S 57°28'17.9""W","36°09'50.8""S 57°29'37.4""W",2813,Canal sin revestir,https://www.google.com/maps/d/edit?mid=1CH8eL48GRkHeInClMlHf6rWZBFU8fE4&usp=sharing,https://www.google.com/maps/d/embed?mid=1CH8eL48GRkHeInClMlHf6rWZBFU8fE4&ehbc=2E312F&noprof=1,https://drive.google.com/file/d/1kAroJ9o3Bif_qW-5dCLc2SJScDHZu546/view?usp=drive_link,7/10/2025,16/11/2025,En ejecución,,,,210,51,110,,,,,371,"$0,00","$0,00",,"$24.780.000,00","$5.237.700,00","$16.280.000,00","$0,00","$0,00","$0,00","$0,00","$46.297.700,00"
Zona 8,General Guido,3,40,EX-2025-34982952- -GDEBA-DPTLMIYSPGP,Gerónimo Rizzo S.A.,Arroyo Chelforó,Desde el Cno. prov. 037-05 hasta los límites del partico de Ayacucho,"-36.930406, -58.145752","-36.927150, -58.223064","36°55'49.5""S 58°08'44.7""W","36°55'37.7""S 58°13'23.0""W",5470,Canal sin revestir,https://www.google.com/maps/d/edit?mid=1qoIm4huFcLOhxicjMEhBGYdD84gxUbE&usp=sharing,https://www.google.com/maps/d/embed?mid=1qoIm4huFcLOhxicjMEhBGYdD84gxUbE&ehbc=2E312F&noprof=1,https://drive.google.com/file/d/1ZSXwz2N8VhHOUOoTb5Frn_W7SuyN6Q_V/view?usp=drive_link,7/10/2025,16/11/2025,En ejecución,40,150,,20,,50,35,33,50,150,528,"$6.160.000,00","$22.200.000,00",,"$2.360.000,00","$0,00","$7.400.000,00","$5.740.000,00","$5.763.120,00","$8.140.000,00","$17.550.000,00","$75.313.120,00"