zona,municipio,orden,expediente,empresa,cauce,sitio,c_inicio,c_final,metros,tipo,maps,ficha,f_inicio,plazo_dias,total_horas,estado
Zona 1,San Andrés de Giles,1,EX-2025-23516309- -GDEBA-DPTLMIYSPGP,Olivo Zamboano S.A.,Afluente del Arroyo de Giles,Desde su desembocadura en el Arroyo de Giles hasta la Av. Scully,"34°24'24.0""S 59°25'35.0""W","34°26'40.4""S 59°26'06.0""W",5300,Canal sin revestir,https://www.google.com/maps/d/embed?mid=1cRPJg8zI3qPRXNMPS4q77zwPJsOmGRI&ehbc=2E312F&noprof=1,https://drive.google.com/file/d/1895_tknhAEKtz68erqR9OTbMIR0LXC6-/view?usp=drive_link,31/7/2025,25,153,Finalizado
Zona 1,San Andrés de Giles,1,EX-2025-23516309- -GDEBA-DPTLMIYSPGP,Olivo Zamboano S.A.,Canal Scully,Paralelo a Av. Lucas Scully desde C. 41 hasta rotonda de acceso a Colectora de Ruta Nacional N° 7,"34°26'49.3""S 59°25'56.0""W","34°27'32.4""S 59°25'00.1""W",1950,Zanja / Zanjón,https://www.google.com/maps/d/embed?mid=1I6kF4SpgbdJNVBj0FxGkLKcKxD9EqFY&ehbc=2E312F&noprof=1,https://drive.google.com/file/d/1XW8l5WgzOsL8mYjouPWFlfqOdPsUmwuH/view?usp=drive_link,31/7/2025,25,73,Finalizado
Zona 1,San Andrés de Giles,1,EX-2025-23516309- -GDEBA-DPTLMIYSPGP,Olivo Zamboano S.A.,Arroyo de Giles,Desde Puente en zona urbana hasta su confluencia con su afluente,"34°22'24.0""S 59°23'54.0""W","34°26'10.0""S 59°26'56.0""W",4000,Arroyo,https://www.google.com/maps/d/embed?mid=1oE_Af0UqzbYaT-_2lXG4PLDCq3xyFoA&ehbc=2E312F&noprof=1,https://drive.google.com/file/d/1j6QDrgvTDUa9daunNn4XFuwDcbNRzFmZ/view?usp=drive_link,31/7/2025,25,120,Finalizado
Zona 1,Exaltación de la Cruz,1,EX-2025-23516309- -GDEBA-DPTLMIYSPGP,Olivo Zamboano S.A.,Zanjón paraleo a Av. Robles,Desde la Colectora Sur de la Ruta Nacional N° 8 hasta la calle Jardín,"34°22'36.0""S 59°06'58.0""W","34°23'19.4""S 59°06'10.5""W",1870,Zanja / Zanjón,https://www.google.com/maps/d/embed?mid=12AJLZBtJOVbfD8Q1syPmvp2awWb5nXA&ehbc=2E312F&noprof=1,https://drive.google.com/file/d/1dPKA_KEtXd3PmkCVuEQ_x-A9dYTF1GhH/view?usp=drive_link,31/7/2025,25,140,Finalizado
Zona 1,Salto,2,EX-2025-27314103- -GDEBA-DPTLMIYSPGP,Olivo Zamboano S.A.,Arroyo del Burro,Desde los límites hacia el sur del Frigorífico de aves Soychú hasta el predio anterior a la Ruta Provincial N° 31,"34°17'45.1""S 60°13'17.6""W","34°20'07.0""S 60°12'55.0""W",3050,Arroyo,https://www.google.com/maps/d/embed?mid=1YLwg8ZNoLgrOg-padYr2W-rO3FrmwhY&ehbc=2E312F&noprof=1,https://drive.google.com/file/d/1JKx5Z0uZVhXllGij2A15kM4hxx7yAaS1/view?usp=drive_link,En trámite,25,495,Planificado
Zona 2 (norte),General RodrÍguez,1,EX-2025-21481936- -GDEBA-DPTLMIYSPGP,Gerónimo Rizzo S.A.,Arroyo de las Palomas,Desde Figueroa Alcorta hasta Juan José Castro,"34°34'05.9""S 58°58'09.5""W","34°34'58.7""S 58°58'27.9""W",1760,Arroyo,https://www.google.com/maps/d/embed?mid=1-fL9BD4R5JAgoeQysruQ94bn_YUf4jk&ehbc=2E312F&noprof=1,https://drive.google.com/file/d/1JdmWOm8RVAmtKIs8vTK2s2qkH0vWNBOR/view?usp=drive_link,31/7/2025,20,110,En ejecución
Zona 2 (norte),General RodrÍguez,1,EX-2025-21481936- -GDEBA-DPTLMIYSPGP,Gerónimo Rizzo S.A.,Arroyo Carabassa,Desde los límites con el partido de Luján paralelo a calle El Carpincho hasta la Av. José Dalco Domenech,"34°32'40.4""S 58°57'21.5""W","34°33'59.3""S 58°56'13.3""W",3180,Arroyo,https://www.google.com/maps/d/embed?mid=1W5Ue8wxEOh2bjMrbtG8HcwuhTs3-HXI&ehbc=2E312F&noprof=1,https://drive.google.com/file/d/12cEfUHYkk12f88-tITsATmki09nBgmzj/view?usp=drive_link,31/7/2025,20,235,En ejecución
Zona 2 (norte),General RodrÍguez,1,EX-2025-21481936- -GDEBA-DPTLMIYSPGP,Gerónimo Rizzo S.A.,Cañada San Antonio Brazo Corto,Desde su confluencia con la Cañada San Antonio Brazo Largo hasta la Patricio Ham y S.ub Dorado Able Rossi,"34°38'21.6""S 58°55'21.6""W","34°36'51.1""S 58°55'52.8""W",3200,Cañada / Rambla,https://www.google.com/maps/d/embed?mid=17qbNviVIAoCPgZfgdI9jtkQtItWk0ds&ehbc=2E312F&noprof=1,https://drive.google.com/file/d/1gX-zhgcB6tY9prTtZ0J8r3qNesto9X4v/view?usp=drive_link,31/7/2025,20,260,En ejecución
Zona 2 (norte),General San Martín,2,EX-2025-26466150- -GDEBA-DPTLMIYSPGP,Gerónimo Rizzo S.A.,Canal José León Suárez Norte,Desde 150m. aguas abajo de las vías del ferrocarril hasta la altura de calle Libertad,"34°31'13.4""S 58°35'14.3""W","34°31'08.8""S 58°34'59.6""W",400,Arroyo,https://www.google.com/maps/d/embed?mid=18EM92gEg-LPl14n3rVOay6c0YKwaATY&ehbc=2E312F&noprof=1,https://drive.google.com/file/d/18q3i1V9Lj455nftcPnoedTUKT9yt67V1/view?usp=drive_link,En trámite,35,55,Planificado
Zona 2 (norte),General San Martín,2,EX-2025-26466150- -GDEBA-DPTLMIYSPGP,Gerónimo Rizzo S.A.,Canal Güemes,Desde la Au. Cam del Buen Ayre has su entubamiento en cercanía de calle Corrientes,"34°33'01.7""S 58°36'28.9""W","34°33'21.7""S 58°36'02.3""W",900,Canal revestido,https://www.google.com/maps/d/embed?mid=1-iJ7TI5eZgYuMgr8zRFCujEBeNDHW2w&ehbc=2E312F&noprof=1,https://drive.google.com/file/d/1q64vfhSyEZAM9FpbyDhzOZMOHIG0GEK3/view?usp=drive_link,En trámite,35,140,Planificado
Zona 2 (norte),General San Martín,2,EX-2025-26466150- -GDEBA-DPTLMIYSPGP,Gerónimo Rizzo S.A.,Río Reconquista,Sector prximo a las vias del ferrocarril línea Belgrano Norte,"34°30'18.5""S 58°36'04.9""W","34°30'20.7""S 58°36'05.6""W",100,Río,https://www.google.com/maps/d/embed?mid=1N1PElnOgLnN3-poc7PAmYAKnTiib1iQ&ehbc=2E312F&noprof=1,https://drive.google.com/file/d/1a4MLqnmM-ESfAUEEHTRjwjDun9tatsY2/view?usp=drive_link,En trámite,35,30,Planificado
Zona 2 (norte),Morón,2,EX-2025-26466150- -GDEBA-DPTLMIYSPGP,Gerónimo Rizzo S.A.,Cuenca Céspedes - Curso principal,Desde la desembocadura en el Arroyo Morón hasta su entubamiento en Pres. Santiago Derqui,"34°36'52.6""S 58°37'12.9""W","34°37'17.2""S 58°36'09.1""W",1450,Arroyo,https://www.google.com/maps/d/embed?mid=1_3N24hBY1RoYwavs9vLimLEZB79v_nE&ehbc=2E312F&noprof=1,https://drive.google.com/file/d/17RSMUkaelfFgZ92zyPNNTiGWqd8dN2Oz/view?usp=drive_link,En trámite,35,259,Planificado
Zona 2 (norte),Morón,2,EX-2025-26466150- -GDEBA-DPTLMIYSPGP,Gerónimo Rizzo S.A.,Cuenca Céspedes - Canal aliviador,Desde su desembocadura en el Arroyo Morón hasta su confluencia con el curso principal,"34°37'07.9""S 58°37'06.3""W","34°37'13.5""S 58°36'18.4""W",1300,Arroyo,https://www.google.com/maps/d/embed?mid=1i3cxe8zouiWHMn2EZXT5zX2nd5rKqDo&ehbc=2E312F&noprof=1,https://drive.google.com/file/d/11NP4PT7i7hIRgjyxXtNBZNTSNzybFVOg/view?usp=drive_link,En trámite,35,95,Planificado
Zona 2 (centro),Quilmes,1,EX-2025-21481897- -GDEBA-DPTLMIYSPGP,Marcalba S.A.,Arroyo Gimenez,Desde la Au. Bs. As. La Plata hasta el canal aliviador,"34°43'54.5""S 58°13'04.1""W","34°44'53.6""S 58°13'16.7""W",1500,Arroyo,https://www.google.com/maps/d/embed?mid=1gJx1kNfeGMK7cKDj3uWz06GoMV1VBfw&ehbc=2E312F&noprof=1,https://drive.google.com/file/d/1xIYmqFYK9ZnlXwsIxOk81kX_uUCMoyLa/view?usp=drive_link,6/8/2025,20,135,En ejecución
Zona 2 (centro),Quilmes,1,EX-2025-21481897- -GDEBA-DPTLMIYSPGP,Marcalba S.A.,Canal Aliviador del Arroyo Gimenez,Desde la Au. Bs. As. - La Plata hasta su confluencia con el arroyo Gimenez,"34°44'28.1""S 58°12'26.2""W","34°44'53.8""S 58°13'16.5""W",1500,Canal sin revestir,https://www.google.com/maps/d/embed?mid=1g3L50jjG3Mpp_Elkn1Om76ofN_z7nUI&ehbc=2E312F&noprof=1,https://drive.google.com/file/d/18Tz8YCqWstMKD4efARLMfEuOP1QC3gWz/view?usp=drive_link,6/8/2025,20,110,En ejecución
Zona 2 (centro),Quilmes,1,EX-2025-21481897- -GDEBA-DPTLMIYSPGP,Marcalba S.A.,Canal IMPA,Desde Calle Los Ciruelos (Av. Italia) hasta la Av. Cevallos y Alberdi,"34°42'21.7""S 58°14'01.9""W","34°42'47.5""S 58°15'11.8""W",2400,Canal sin revestir,https://www.google.com/maps/d/embed?mid=1lB2z-8ETDsLQ8MCcZsEpYx7au9ZSnp8&ehbc=2E312F&noprof=1,https://drive.google.com/file/d/13qLWNi75sz0XADNWdQC4AVrbC7h7r175/view?usp=drive_link,6/8/2025,20,190,En ejecución
Zona 2 (centro),La Matanza,2,EX-2025-26466192- -GDEBA-DPTLMIYSPGP,Marcalba S.A.,Arroyo Chacón,Desde la desembocadura en el Río Matanza hasta la calle Paraná límite con el partido de Marcos Paz,"34°52'33.3""S 58°38'41.9""W","34°53'33.0""S 58°43'06.2""W",8440,Arroyo,https://www.google.com/maps/d/embed?mid=1CfORaT6EaisD43fxrDF3aR1qrRE8SKU&ehbc=2E312F&noprof=1,https://drive.google.com/file/d/1RqiYvveTayQXX8eQifJlwCEFSSNUdoLo/view?usp=drive_link,En trámite,40,580,Planificado
Zona 2 (centro),La Matanza,2,EX-2025-26466192- -GDEBA-DPTLMIYSPGP,Marcalba S.A.,Zanjón Urien,Paralelo a calle Urien desde su desembocadura en el Río Matanza hasta el acceso a Au. Presidente Perón,"34°50'51.7""S 58°37'44.7""W","34°49'59.7""S 58°38'49.1""W",2300,Zanja / Zanjón,https://www.google.com/maps/d/embed?mid=1ATngaGtksRRb0hcgRs5evTNcp-7_Jek&ehbc=2E312F&noprof=1,https://drive.google.com/file/d/1GWSad0Pdu9-TUdA90JtHqyuP9sYbdyy9/view?usp=drive_link,En trámite,40,100,Planificado
Zona 2 (sur),Berisso,1,EX-2025-21481851- -GDEBA-DPTLMIYSPGP,Olivo Zamboano S.A.,Canal Sur paralelo a Av. Río de La Plata,Paralelo a Av. Río de La Plata desde su confluencia con el canal de desagüe de Villa Progreso hasta C. 122 bis,"34°54'20.0""S 57°54'14.6""W","34°54'43.1""S 57°55'07.7""W",1800,Canal sin revestir,https://www.google.com/maps/d/embed?mid=1WB1C9YSWZqfqnqLMODfLKDak1x2EGFg&ehbc=2E312F&noprof=1,https://drive.google.com/file/d/1J3vdO2Mwv0VzGutjJXaHi3uMvcuKhs_a/view?usp=drive_link,2/8/2025,25,231,En ejecución
Zona 2 (sur),Berisso,1,EX-2025-21481851- -GDEBA-DPTLMIYSPGP,Olivo Zamboano S.A.,Canal Norte paralelo a Av. Río de La Plata,Paralelo a Av. Río de La PLata desde Calle 131 hasta su entubamiento en Av. 122,"34°54'16.0""S 57°54'09.0""W","34°54'43.2""S 57°55'10.5""W",1800,Canal sin revestir,https://www.google.com/maps/d/embed?mid=1f2iNF32yLEXqF0Hym33-AePdUrUh-_c&ehbc=2E312F&noprof=1,https://drive.google.com/file/d/1BAS09oXmlc9He7NgPP62xLmYLrUgjYnf/view?usp=drive_link,2/8/2025,25,231,En ejecución
Zona 2 (sur),Berisso,1,EX-2025-21481851- -GDEBA-DPTLMIYSPGP,Olivo Zamboano S.A.,Afluente del Arroyo Maldonado paralelo a C.130,Paralelo a calle 130 desde la desembocadura en el Arroyo Maldonado hasta Ruta Porv. N° 11 y calle 45,"34°55'17.0""S 57°53'10.9""W","34°56'06.6""S 57°52'42.9""W",2330,Zanja / Zanjón,https://www.google.com/maps/d/embed?mid=1zk5yfIqrLCuHbLLF5TkRMi45OElr31Y&ehbc=2E312F&noprof=1,https://drive.google.com/file/d/1mFQbfVzY2d3f56UHaFaQQeFhs5mLUhX-/view?usp=drive_link,2/8/2025,25,280,En ejecución
Zona 2 (sur),Berisso,1,EX-2025-21481851- -GDEBA-DPTLMIYSPGP,Olivo Zamboano S.A.,Arroyo Maldonado,Desde calle 31 hasta la Ruta Provincial N° 11,"34°55'16.3""S 57°53'10.7""W","34°55'46.2""S 57°53'49.3""W",1800,Arroyo,https://www.google.com/maps/d/embed?mid=1-lYSt7lEa16Rmu5PjrxO1cYYoqwVUEA&ehbc=2E312F&noprof=1,https://drive.google.com/file/d/19Ndxxv9i4ip0JcSiA79sI5wOggp073tF/view?usp=drive_link,2/8/2025,25,134,En ejecución
Zona 2 (sur),La Plata,2,EX-2025-26466227- -GDEBA-DPTLMIYSPGP,Olivo Zamboano S.A.,Canal de vinculación de los Arroyos Rodríguez y El Gato,Desde su desembocadura en el Arroyo Rodriguez hasta su desembocadura en el Arroyo El Gato,"34°51'43.5""S 58°01'19.5""W","34°52'48.1""S 57°59'03.8""W",4200,Arroyo,https://www.google.com/maps/d/embed?mid=1JfbrC4esPdWHeSEus2BHNLtQSbwG4uo&ehbc=2E312F&noprof=1,https://drive.google.com/file/d/1ok4BY7X6IDbdw0OO54jfq8WNL8Wr1SRa/view?usp=drive_link,En trámite,20,435,Planificado
Zona 2 (sur),La Plata,2,EX-2025-26466227- -GDEBA-DPTLMIYSPGP,Olivo Zamboano S.A.,Arroyo Martín,Desde las vías del ferrocarril hasta el Camino parque Centenario vía sur,"34°51'23.5""S 58°03'40.4""W","34°51'39.1""S 58°03'55.8""W",680,Arroyo,https://www.google.com/maps/d/embed?mid=1p9f--HWlpJo-Qi29_Wd0JQcu-6w74ts&ehbc=2E312F&noprof=1,https://drive.google.com/file/d/1r5A-5yOwJf2oDUkchx5Npuq7giJaWaDp/view?usp=drive_link,En trámite,20,90,Planificado
Zona 2 (sur),La Plata,2,EX-2025-26466227- -GDEBA-DPTLMIYSPGP,Olivo Zamboano S.A.,Arroyo Carnaval,Desde su confluencia con el Arroyo Martín hasta el inicio del sector revestido en calle 12C,"34°51'26.6""S 58°03'45.5""W","34°51'28.4""S 58°04'05.5""W",540,Arroyo,https://www.google.com/maps/d/embed?mid=1aIJpnMnnswk2mvQ1WUqwEQWlPiXw9yc&ehbc=2E312F&noprof=1,https://drive.google.com/file/d/18ECs-xhh5656NFuvHkBKis2IZlvGjZmd/view?usp=drive_link,En trámite,20,85,Planificado
Zona 2 (sur),La Plata,2,EX-2025-26466227- -GDEBA-DPTLMIYSPGP,Olivo Zamboano S.A.,Canal vinculación de la laguna García,Desde su desembocadura en la Laguna García hasta calle 436,"34°57'24.4""S 58°09'09.6""W","34°57'07.5""S 58°09'30.3""W",910,Canal sin revestir,https://www.google.com/maps/d/embed?mid=1rv8RI9QYnyIxfA243n6zQYO5BCyArjU&ehbc=2E312F&noprof=1,https://drive.google.com/file/d/1hM197D21bpMSmsm29jMnuwaueiPJEiXP/view?usp=drive_link,En trámite,20,62,Planificado
Zona 2 (sur),La Plata,2,EX-2025-26466227- -GDEBA-DPTLMIYSPGP,Olivo Zamboano S.A.,Afluente del Arroyo Maldonado en Barrio Evita,Paraleloa calle 30 desde su desembocadura en el Arroyo Maldonado hasta C.90,"34°58'14.7""S 57°55'34.7""W","34°57'56.8""S 57°55'58.1""W",800,Zanja / Zanjón,https://www.google.com/maps/d/embed?mid=12FsxGmEHlEVxdwk7vo6GhGRUVwyXLj8&ehbc=2E312F&noprof=1,https://drive.google.com/file/d/1RYJuslmy-1NSdQRXVjUspa_yBnWruGTW/view?usp=drive_link,En trámite,20,165,Planificado
Zona 3,Chacabuco,1,EX-2025-23516076- -GDEBA-DPTLMIYSPGP,Olivo Zamboano S.A.,Canal Colector Av. Solis,Desde la descarga Cañada Los Peludos hasta la intersección de la Av. Solis y Montesano,"34°40'37.7""S 60°24'58.5""W","34°39'00.3""S 60°27'02.9""W",4800,Canal sin revestir,https://www.google.com/maps/d/embed?mid=1HPObYCQLDJyS1eiZhgCJcocovnPfApE&ehbc=2E312F&noprof=1,https://drive.google.com/file/d/1jC68nMbhl9ECnwkJIlpuP91np-MLjGFn/view?usp=drive_link,25/7/2025,25,500,Finalizado
Zona 3,9 de Julio,2,EX-2025-27314087- -GDEBA-DPTLMIYSPGP,Olivo Zamboano S.A.,Colector desagües localidad La Niña,Desde la salida de la localidad hacia agua abajo,"35°24'09.3""S 61°11'53.0""W","35°23'30.8""S 61°09'19.4""W",4200,Canal sin revestir,https://www.google.com/maps/d/embed?mid=1lVB4kjSnwK9o2T8sCmK-ZBd_Redzwx4&ehbc=2E312F&noprof=1,https://drive.google.com/file/d/1y_uiv8Y_THlsneQqhQQCPhcLHW35NRW3/view?usp=drive_link,En trámite,30,280,Planificado
Zona 3,9 de Julio,2,EX-2025-27314087- -GDEBA-DPTLMIYSPGP,Olivo Zamboano S.A.,Canal El Gato,Desde Alcantarilla cruce a propiedad Zappa hasta el predio en la Estancia Vista Alegre,"35°24'34.6""S 60°39'45.3""W","35°26'19.1""S 60°40'55.5""W",4450,Canal sin revestir,https://www.google.com/maps/d/embed?mid=1UQ77bgtzun-P71f2ax8s2e3g1tWU9l0&ehbc=2E312F&noprof=1,https://drive.google.com/file/d/1_NJFwtX7IWKa007P7ybO39gXdQI17ME_/view?usp=drive_link,En trámite,30,280,Planificado
Zona 3,9 de Julio,2,EX-2025-27314087- -GDEBA-DPTLMIYSPGP,Olivo Zamboano S.A.,Canal 12 de Octubre - La Sofia,Desde Estación Bacacay hacia aguas arriba,"35°38'58.8""S 61°01'16.2""W","35°39'17.8""S 61°02'09.9""W",1500,Canal sin revestir,https://www.google.com/maps/d/embed?mid=1Hd35EWmhDSGMwDUhZqd2h4XUv5zy_xA&ehbc=2E312F&noprof=1,https://drive.google.com/file/d/1aXqZ3m_3vzXC9NSg01z9py6RTFRyYLq8/view?usp=drive_link,En trámite,30,230,Planificado
Zona 4,Tapalqué,1,EX-2025-23520817- -GDEBA-DPTLMIYSPGP,Marcalba S.A.,Canal de defensa intermedia de la Planta Urbana,Desde el Arroyo Tapalque y Avda Circunvalacion hasta Circunv. P. Ramos y Ruta 51,"36°22'19.0""S 60°01'53.3""W","36°21'43.3""S 60°00'28.0""W",3750,Otro,https://www.google.com/maps/d/embed?mid=1dWk_KV2JkiSve2_dJNO9BbjUq-CpAfw&ehbc=2E312F&noprof=1,https://drive.google.com/file/d/11l_A3_1b8wxZZ6keXHCoRpF30Cm2eXmT/view?usp=drive_link,31/7/2025,25,560,Finalizado
Zona 4,Saladillo,2,EX-2025-27314067- -GDEBA-DPTLMIYSPGP,Marcalba S.A.,Canal Roight,"Desde la calle Roight y ledesma, hasta la bifurcación del canal","35°37'50.47""S 59°45'8.65""W","35°37'23.57""S 59°42'43.64""W",5150,Canal sin revestir,https://www.google.com/maps/d/embed?mid=1L08prWnU_diqbneBouXj7I2pb91KJY4&ehbc=2E312F&noprof=1,https://drive.google.com/file/d/1voH8yEQvTz1cosbu7ud5iwm6aeyNFnF5/view?usp=drive_link,En trámite,50,240,Planificado
Zona 4,Roque Pérez,2,EX-2025-27314067- -GDEBA-DPTLMIYSPGP,Marcalba S.A.,Canal en inmediaciones del casco urbano de Roque Pérez,Desde su progresiva 0 en el Río Salado hasta su progresiva 8000,"35°29'31.3""S 59°29'01.9""W","35°26'58.6""S 59°24'38.2""W",8000,Canal sin revestir,https://www.google.com/maps/d/embed?mid=1z8Fh1fAnBb9JJFsAk5sBaMUwg04A748&ehbc=2E312F&noprof=1,https://drive.google.com/file/d/1Xr23M8ppzw-Wu7U-4pHUvMGXVAKkK3EV/view?usp=drive_link,En trámite,50,378,Planificado
Zona 5,Olavarría,1,EX-2025-23518811- -GDEBA-DPTLMIYSPGP,Gerónimo Rizzo S.A.,Arroyo Tapalqué,Tramo 1: entre Ignacio Rivas y Juán XXIII; tramo 2: entre Merlo y Mitre; tramo 3: entre Irigoyen y Colón,"36°51'24.3""S 60°17'16.3""W","36°53'11.4""S 60°19'16.0""W",4210,Arroyo,https://www.google.com/maps/d/embed?mid=1ScjN1TLt6iTt2V9ZgN3YP4GPc8s_AQo&ehbc=2E312F&noprof=1,https://drive.google.com/file/d/1zBAEfbAT0jbPLmGwnvgFgVHoja7s5jzG/view?usp=drive_link,31/7/2025,25,512,Finalizado
Zona 5,Laprida,1,EX-2025-23518811- -GDEBA-DPTLMIYSPGP,Gerónimo Rizzo S.A.,Desagües pluviales de la localidad de San Jorge,Curso de agua desde el pueblo hacia un cañadón natural que desemboca en el Arroyo Quilcó,"37°12'55.4""S 60°56'44.3""W","37°13'55.1""S 60°57'29.7""W",2600,Canal sin revestir,https://www.google.com/maps/d/embed?mid=1nh_0sxjgXgLZ_zt4mIdJPXLZc3Cft34&ehbc=2E312F&noprof=1,https://drive.google.com/file/d/1O-oNwd7J8tkU_-sQHQnUSzh6bDHWBT9b/view?usp=drive_link,31/7/2025,25,133,Finalizado
Zona 5,Balcarce,2,EX-2025-27314034- -GDEBA-DPTLMIYSPGP,Gerónimo Rizzo S.A.,Canal prolongación de calle 112,Desde el arroyo Pantanoso y calle 107 hasta calle 112 y 9,"37°49'17.9""S 58°15'50.9""W","37°49'52.7""S 58°16'01.0""W",1530,Canal sin revestir,https://www.google.com/maps/d/embed?mid=1YsCyj8TRbhLvoADVCzlH4WUIcezT8x0&ehbc=2E312F&noprof=1,https://drive.google.com/file/d/1PJCjUOVDX7paabJRr2KLaqDVcp4iwSZk/view?usp=drive_link,En trámite,40,525,Planificado
Zona 5,Tandil,2,EX-2025-27314034- -GDEBA-DPTLMIYSPGP,Gerónimo Rizzo S.A.,Canal de parque industrial,Desde su entubamiento en calle base aerea hasta la RPN30,"37°17'41.0""S 59°11'31.7""W","37°17'56.8""S 59°11'07.3""W",910,Canal sin revestir,https://www.google.com/maps/d/embed?mid=11ZKjHgJLw2-bwISA9o24riBtvoH1mD8&ehbc=2E312F&noprof=1,https://drive.google.com/file/d/1Y6KNhpqYPCJlFqlY3JTJxbgPOSkbsf7w/view?usp=drive_link,En trámite,40,150,Planificado
Zona 5,Tandil,2,EX-2025-27314034- -GDEBA-DPTLMIYSPGP,Gerónimo Rizzo S.A.,Canal ingreso al arroyo La Cascada,Desde su desembocadura en el Arroyo la Casacada hasta Av. Don Bosco,"37°21'14.5""S 59°07'28.8""W","37°22'01.4""S 59°06'47.8""W",300,Canal sin revestir,https://www.google.com/maps/d/embed?mid=10NeYkKoBhrv3yXLVV0F7181OuV-1WEw&ehbc=2E312F&noprof=1,https://drive.google.com/file/d/1QbvGkPvO7-0oIrNroOAJJcFyckvey0ZK/view?usp=drive_link,En trámite,40,95,Planificado
Zona 5,Tandil,2,EX-2025-27314034- -GDEBA-DPTLMIYSPGP,Gerónimo Rizzo S.A.,Arroyo Langueyú,Desde 200 metros hacia aguas abajo de la Ruta Nacional N° 226 hasta la calle Dinamarca,"37°17'49.1""S 59°07'50.7""W","37°17'57.9""S 59°07'51.2""W",300,Arroyo,https://www.google.com/maps/d/embed?mid=1NMeeHcEYl8d85ky7Jx1z_4iJ3K5nbcc&ehbc=2E312F&noprof=1,https://drive.google.com/file/d/1ICRaZAdU4qWiW32AZPi_a1WNrb5cnMUa/view?usp=drive_link,En trámite,40,40,Planificado
Zona 6,General Lamadrid,1,EX-2025-23233503- -GDEBA-DPTLMIYSPGP,Lurovial S.R.L.,Canal de Guarda - Margen Norte,Margen norte desde su desembocadura en el Arroyo hasta el Acceso a Pontaut Camino Secundario 040-01,"37°44'48.0""S 61°18'54.4""W","37°44'19.1""S 61°19'30.4""W",1250,Canal sin revestir,https://www.google.com/maps/d/embed?mid=1PMMS8YmZSTRcFoR90ipsjkZq29tjIwI&ehbc=2E312F&noprof=1,https://drive.google.com/file/d/1JWUJpwmt-AekStpD4_GhGQVNbBK1pL3K/view?usp=drive_link,2/8/2025,20,160,Finalizado
Zona 6,General Lamadrid,1,EX-2025-23233503- -GDEBA-DPTLMIYSPGP,Lurovial S.R.L.,Canal de Guarda - Margen Sur,Margen sur desde su desembocadur aen el Arroyo hasta el Acceso a Pontaut Camino Secundario 040-01,"37°44'48.3""S 61°18'55.0""W","37°44'19.7""S 61°19'30.6""W",1250,Canal sin revestir,https://www.google.com/maps/d/embed?mid=1PMMS8YmZSTRcFoR90ipsjkZq29tjIwI&ehbc=2E312F&noprof=1,https://drive.google.com/file/d/1Mk5lgDu4k2evXUhvRv7vf57Xe88p8pf8/view?usp=drive_link,2/8/2025,20,160,Finalizado
Zona 6,General Lamadrid,1,EX-2025-23233503- -GDEBA-DPTLMIYSPGP,Lurovial S.R.L.,Canal de Guarda Noroeste,Desde el préstamo del Ferrocarril General Roca hasta Calle Vecinal,"37°43'08.5""S 61°19'20.3""W","37°43'52.9""S 61°20'04.0""W",1800,Canal sin revestir,https://www.google.com/maps/d/embed?mid=19JyOCgklXO2dLytzCxqNXheQdTwSG_Y&ehbc=2E312F&noprof=1,https://drive.google.com/file/d/1KKzEWw_ZCydtMDymH_31pE9VkOXxUL-Y/view?usp=drive_link,2/8/2025,20,120,Finalizado
Zona 6,Coronel Pringles,2,EX-2025-27313996- -GDEBA-DPTLMIYSPGP,Lurovial S.R.L.,Arroyo Pillahuinco Grande,Desde la Ruta Provincial N° 51 hasta Acceso calle 36,"37°59'30.9""S 61°19'41.8""W","38°00'06.6""S 61°21'34.9""W",3800,Arroyo,https://www.google.com/maps/d/embed?mid=1eVggdTB5UMnhzusAGzocZe_m3nQoIEE&ehbc=2E312F&noprof=1,https://drive.google.com/file/d/1poGsR-x4R_c9UqciGX0ow_tpq_islLYh/view?usp=drive_link,En trámite,40,480,Planificado
Zona 7,Rivadavia,1,EX-2025-23520691- -GDEBA-DPTLMIYSPGP,Marcalba S.A.,Canal Los Áromos,Paralelo a calle De los Áramos desde Acceso Lito Rodriguez Nte. 730 metros hacia el sur,"35°29'44.0""S 62°59'39.0""W","35°29'24.0""S 62°59'51.8""W",730,Zanja / Zanjón,https://www.google.com/maps/d/embed?mid=1i-dlOgV_tCsldh5cOimXUxrIboYAsXc&ehbc=2E312F&noprof=1,https://drive.google.com/file/d/192QQM4pZGcJxyZMFpF3JHfCcIhoiHaW5/view?usp=drive_link,6/8/2025,30,40,Finalizado
Zona 7,Rivadavia,1,EX-2025-23520691- -GDEBA-DPTLMIYSPGP,Marcalba S.A.,Canal J. D. Perón - J. Gemesio,Desde J. D. Perón y P° del Inmigrantes hasta  J. Gemesio y N. F. Tiscornia,"35°28'59.5""S 62°57'53.8""W","35°28'59.0""S 62°58'48.9""W",1740,Zanja / Zanjón,https://www.google.com/maps/d/embed?mid=1jf2xOcapT4qJca20JKWvc685v71KYhs&ehbc=2E312F&noprof=1,https://drive.google.com/file/d/16g75PGDgPFC2Vis8U5JOsVs1SiJmeWNt/view?usp=drive_link,6/8/2025,30,310,Finalizado
Zona 7,Rivadavia,1,EX-2025-23520691- -GDEBA-DPTLMIYSPGP,Marcalba S.A.,Canal J. D. Perón - Italia,Desde su desembocadura en el canal principal paraleloa a J. D. Perón hasta Italia y H. Nieto,"35°29'35.0""S 62°57'11.0""W","35°29'24.0""S 62°57'42.0""W",970,Zanja / Zanjón,https://www.google.com/maps/d/embed?mid=1f2-NeU4O6K891yVc5qpFhjbnrm2a7Lg&ehbc=2E312F&noprof=1,https://drive.google.com/file/d/1H5COiGN0Ruc41vV15zAfF18_7u1s9z4z/view?usp=drive_link,6/8/2025,30,52,Finalizado
Zona 7,Florentino Ameghino,1,EX-2025-23520691- -GDEBA-DPTLMIYSPGP,Marcalba S.A.,Canal de Desagües,Desde el antiguo camino a la Localidad de Blaquier (de tierra) hasta las vías del ferrocarril D.F. Sarmiento,"34°48'30.0""S 62°29'04.0""W","34°51'10.6""S 62°28'48.0""W",5200,Canal sin revestir,https://www.google.com/maps/d/embed?mid=1DwHf5SCEwn-TU2ooXHfZsnMTKSB-nU0&ehbc=2E312F&noprof=1,https://drive.google.com/file/d/1_QOqkkDWWWg_lTOx5ZEtN9igQh8QxHKv/view?usp=drive_link,6/8/2025,30,221,Finalizado
Zona 7,Carlos Casares,2,EX-2025-27314051- -GDEBA-DPTLMIYSPGP,Marcalba S.A.,Canal en zona Sur,Desde Km. 306 hasta Km 314,"35°37'05.7""S 61°17'06.4""W","35°38'48.3""S 61°22'34.6""W",8000,Canal sin revestir,https://www.google.com/maps/d/embed?mid=1wOPF-0q-5DF0iWEwSbYlXjWk-bzh5-0&ehbc=2E312F&noprof=1,https://drive.google.com/file/d/16wQuSubC7EndGxFfSJD5VqemR3ku-PuX/view?usp=drive_link,En trámite,45,300,Planificado
Zona 7,Pellegrini,2,EX-2025-27314051- -GDEBA-DPTLMIYSPGP,Marcalba S.A.,Desagües Pluviales,En cercanías de la Localidad de Bocayuba (al oeste) hasta 460 mts. de última calle del Casco Urbano,"36°12'44.0""S 63°05'01.0""W","36°15'37.1""S 63°08'45.7""W",7770,Canal sin revestir,https://www.google.com/maps/d/embed?mid=14x2osyfW13rXo8P03u0ob7uiMkSp-cs&ehbc=2E312F&noprof=1,https://drive.google.com/file/d/1wURDm01RlbEoNyqKKcAJC8KSe2wYdvBH/view?usp=drive_link,En trámite,45,438,Planificado
Zona 7,Daireaux,2,EX-2025-27314051- -GDEBA-DPTLMIYSPGP,Marcalba S.A.,Canal de Desagüe Pluvial de zona norte,Desde la intersección con el Canal de Desagües de la Planta Urbana hasta el Acceso Jorge Omar Carlé,"36°35'21.7""S 61°43'34.7""W","36°35'29.0""S 61°45'34.0""W",4685,Canal sin revestir,https://www.google.com/maps/d/embed?mid=181to6dyVSbIYFf0cVK_nCfDqyXx4Et0&ehbc=2E312F&noprof=1,https://drive.google.com/file/d/1J1dCaYENn_doqtZas6LP7tmbw4_lh0PO/view?usp=drive_link,En trámite,45,100,Planificado
Zona 8,General Guido,1,EX-2025-23518761- -GDEBA-DPTLMIYSPGP,Gerónimo Rizzo S.A.,Canal de derivación - tramo este,Desde el canal 1 hasta desembocadura en laguna (este),"36°32'08.5""S 57°51'18.3""W","36°32'43.4""S 57°51'06.2""W",1080,Canal sin revestir,https://www.google.com/maps/d/embed?mid=1y_GK6Y2xJP4FK1aSEkEesIR0yGynSUo&ehbc=2E312F&noprof=1,https://drive.google.com/file/d/1q6obnbAynWJWAU0SGOl9_Wrx0I4HAE2J/view?usp=drive_link,25/7/2025,30,121,Finalizado
Zona 8,General Guido,1,EX-2025-23518761- -GDEBA-DPTLMIYSPGP,Gerónimo Rizzo S.A.,Canal de derivación - tramo oeste,Desde su confluencia con el canal derivador (este) hasta su desembocadura en la laguna (oeste),"36°32'12.8""S 57°51'17.2""W","36°32'47.1""S 57°51'58.6""W",1540,Canal sin revestir,https://www.google.com/maps/d/embed?mid=1cs1CHNjd8uuGeDtwF2begQOfvJTOGkc&ehbc=2E312F&noprof=1,https://drive.google.com/file/d/1DpqOJxHbC9ufROaE09ZEqhthp543GyRs/view?usp=drive_link,25/7/2025,30,157,Finalizado
Zona 8,Castelli,1,EX-2025-23518761- -GDEBA-DPTLMIYSPGP,Gerónimo Rizzo S.A.,Canal Pluvial - etapa 1,Desde Autovía 2 hasta alambrado límite con predio identificado catastralmente como Circ: 10 Parcela: 65A,"36°08'16.1""S 57°47'07.4""W","36°08'23.6""S 57°47'24.6""W",480,Canal sin revestir,https://www.google.com/maps/d/embed?mid=1onzT9f7-D5jdZZNha6XtQk_kyLRyDUw&ehbc=2E312F&noprof=1,https://drive.google.com/file/d/1giNaFTT8rYCkTeu4VQQ1bnOTM5xMjfG5/view?usp=drive_link,25/7/2025,30,67,Finalizado
Zona 8,Dolores,1,EX-2025-23518761- -GDEBA-DPTLMIYSPGP,Gerónimo Rizzo S.A.,Canal A - etapa 1,Desde Hm 387 (puente Ruta Provincial N°63) hasta Hm 410,"36°18'37.3""S 57°36'37.2""W","36°19'22.2""S 57°37'55.2""W",2300,Canal sin revestir,https://www.google.com/maps/d/embed?mid=1Tf7XCSwdtisT-2Iax8_4eATXo2yq4-k&ehbc=2E312F&noprof=1,https://drive.google.com/file/d/12PUBkd_7y13dLPmOE5Lq8IPx5CbVkvB9/view?usp=drive_link,25/7/2025,30,255,Finalizado
Zona 8,Tordillo,2,EX-2025-27314015- -GDEBA-DPTLMIYSPGP,Gerónimo Rizzo S.A.,Canal C,Ubicado en el margen izquierdo del Canal 1 desde Hm 277.5 del Canal 1 hasta Hm 313 Canal 1,"36°27'41.2""S 57°18'45.1""W","36°28'14.1""S 57°20'58.5""W",3572,Canal sin revestir,https://www.google.com/maps/d/embed?mid=1IrfuPnnYLCl2-IVrrQMJoC-87cf5FyY&ehbc=2E312F&noprof=1,https://drive.google.com/file/d/12ZFg7PK0h-FcIR9_HPPCIoPcInZ9FGqq/view?usp=drive_link,En trámite,35,360,Planificado
Zona 8,Castelli,2,EX-2025-27314015- -GDEBA-DPTLMIYSPGP,Gerónimo Rizzo S.A.,Canal Pluvial - etapa 2,Desde alambrado límite con predio Circunscripción: 10 Parcela: 65A (Hm 2128) hasta Hm 2388,"36°08'23.7""S 57°47'24.7""W","36°09'11.5""S 57°48'48.8""W",2600,Canal sin revestir,https://www.google.com/maps/d/embed?mid=1sr4j1aUdETtX61O5cEWuo-1Ca0_Y7qY&ehbc=2E312F&noprof=1,https://drive.google.com/file/d/1B7DzQ26JIb7zLtJ7yKs0ejyp4xRHQ-Ru/view?usp=drive_link,En trámite,35,240,Planificado
Zona 8,Dolores,2,EX-2025-27314015- -GDEBA-DPTLMIYSPGP,Gerónimo Rizzo S.A.,Canal A - etapa 2,Desde Hm 410 hasta Hm 44262 (Puente C. Lara),"36°19'22.2""S 57°37'55.3""W","36°20'20.0""S 57°39'35.1""W",3127,Canal sin revestir,https://www.google.com/maps/d/embed?mid=1jBfC5yKOLKJcT2iEDWPyiZbEoQK8B_o&ehbc=2E312F&noprof=1,https://drive.google.com/file/d/1UmOGelyjoG0zDaJNv45gOHUwX3etp_8V/view?usp=drive_link,En trámite,35,140,Planificado